lexid,filename,word,sentence
adj ppr. [1] md.,mbh03_14654.xml,kftam,"['saraH', 'ca', 'idam', 'asya', 'dakziRA', 'dattABiH', 'goBiH', 'ati', 'kramamARABiH', 'kftam']"
adj ppr. [1] md.,mbh03_14651.xml,visaYjYa,"['sa', 'muhUrtam', 'DyAtvA', 'bAzpa', 'pUrRa', 'nayanaH', 'ud', 'vigna', 'hfdayaH', 'vepamAnaH', 'visaYjYa', 'kalpaH', 'prAYjaliH', 'abravIt']"
 cab,mbh03_14467.xml,ni,"['te', 'BItAH', 'maRqUka', 'rAjYe', 'yaTA', 'vfttam', 'ni', 'avedayan']"
 cab,pt584.xml,saYjIvaka,"['araRya', 'DarmAt', 'vi', 'yojya', 'grAma', 'Darmezu', 'ni', 'yojitaH', 'kim', 'bahunA', 'prati', 'aham', 'saYjIvaka', 'piNgalakO', 'kevalam', 'rahasyam', 'miTaH', 'mantrayete']"
gerundive_tavya,pt1317.xml,Bavitavyam,"['anena', 'tasya', 'rAjYaH', 'GAtakena', 'Bavitavyam']"
gerundive_tavya,pt190.xml,kartavyam,"['rAja', 'mAtari', 'devyAm', 'ca', 'kumAre', 'muKya', 'mantriRi', 'puras', 'hite', 'pratIhAre', 'kartavyam', 'rAjavat', 'sadA']"
adj_comp,pt1445.xml,drutataram,"['kiyantam', 'api', 'aDvAnam', 'gatvA', 'yaTA', 'Sakti', 'kam', 'api', 'aSana', 'upAyam', 'kftvA', 'drutataram', 'punaH', 'A', 'gacCa']"
adj_comp,pt1068.xml,laGutarasya,"['svAmin', 'adya', 'samasta', 'mfgEH', 'jAti', 'krameRa', 'prastAvam', 'vi', 'jYAya', 'laGutarasya', 'tarasya', 'mama', 'tataH', 'paYca', 'SaSakEH', 'saha', 'aham', 'pra', 'IzitaH']"
ctp_na,pt540.xml,cirAt,"['asya', 'sammAnasya', 'a', 'cirAt', 'eva', 'drakzyasi', 'rAja', 'prasAda', 'Adi', 'Palam']"
ctp_na,pt857.xml,BAve,"['tatra', 'praTamam', 'tAvat', 'svAmi', 'amAtya', 'janapada', 'durga', 'koSa', 'daRqa', 'mitrARAm', 'ekatamasya', 'tamaH', 'yA', 'api', 'a', 'BAve', 'a', 'BAv', 'A', 'Kyam', 'ava', 'gantavyam']"
noun_action,pt846.xml,pAnam,"['striyaH', 'akzAH', 'mfgayA', 'pAnam', 'vAk', 'pAruzyam', 'ca', 'paYcamam', 'mahat', 'ca', 'daRqa', 'pAruzyam', 'arTa', 'dUzaRam', 'eva', 'ca']"
noun_action,pt859.xml,pAnam,"['prasaNgaH', 'pUrvam', 'uktaH', 'eva', 'striyaH', 'akzAH', 'mfgayA', 'pAnam', 'ityAdi']"
cau ppf_actn,pt560.xml,yojayAm,"['evam', 'an', 'ekaDA', 'vi', 'nis', 'citya', 'dantilam', 'sam', 'A', 'hUya', 'nija', 'aNga', 'ABaraRAni', 'vastrARi', 'ca', 'sam', 'yojya', 'sva', 'aDikAre', 'ni', 'yojayAm', 'Asa']"
adj_ctp_upapada,pt1752.xml,antakaraH,"['aTa', 'kadA', 'cit', 'tasya', 'antakaraH', 'mftyuH', 'ulUka', 'rUpeRa', 'A', 'yAtaH']"
adj_ctp_upapada,pt649.xml,DaraH,"['SUdraH', 'vA', 'yadi', 'vA', 'anyaH', 'api', 'cARqAlaH', 'vA', 'jawA', 'DaraH', 'dIkzitaH', 'Siva', 'mantreRa', 'sa', 'Basma', 'aNgaH', 'dvijaH', 'Bavet']"
noun_ctp_dvigu,pt1068.xml,SaSakEH,"['svAmin', 'adya', 'samasta', 'mfgEH', 'jAti', 'krameRa', 'prastAvam', 'vi', 'jYAya', 'laGutarasya', 'tarasya', 'mama', 'tataH', 'paYca', 'SaSakEH', 'saha', 'aham', 'pra', 'IzitaH']"
noun_ctp_dvigu,pt1125.xml,guRataraH,"['tataH', 'tat', 'pratiSabdena', 'dvi', 'guRataraH', 'nAdaH', 'kUpAt', 'sam', 'ut', 'sTitaH']"
pron_p1,pt525.xml,mayA,"['aparaM', 'mayA', 'asya', 'BU', 'pateH', 'anyasya', 'vA', 'kasyacit', 'svapne', 'api', 'vAk', 'mAtreRa', 'api', 'na', 'kftam', 'a', 'hitam']"
ppr. [2] md.,mbh03_14515.xml,bruvARam,"['aTa', 'enam', 'evam', 'bruvARam', 'abravIt', 'rAjA']"
ppr. [2] md.,mbh03_14422.xml,SayAnaH,"['tataH', 'SayAnaH', 'maDuram', 'gIta', 'Sabdam', 'aSfRot']"
adj_ctp_prAdi,pt1294.xml,AkulaH,"['itaH', 'ca', 'kOlikaH', 'mukta', 'surata', 'AramBaH', 'ati', 'AkulaH', 'sva', 'manasA', 'parI', 'A', 'locitavAn']"
adj_ctp_prAdi,pt863.xml,boDaH,"['su', 'boDaH', 'eva', 'kAma', 'jaH', 'vargaH']"
gati,pt1234.xml,parasAt,"['jananI', 'manaH', 'harati', 'jAtavatI', 'pari', 'varDate', 'saha', 'SucA', 'suhfdAm', 'parasAt', 'kftA', 'api', 'kurute', 'malinam', 'duratikramAH', 'duhitaraH', 'vipadaH']"
prap[1],pt1612.xml,vasantyAH,"['evam', 'ca', 'tasyAH', 'tatra', 'vasantyAH', 'quRqukaH', 'nAma', 'matkuRaH', 'vAyu', 'pra', 'IritaH', 'tasmin', 'Sayane', 'patitaH']"
prap[1],pt1770.xml,tizWan,"['tizWan', 'aham', 'iha', 'AvAse', 'vfdDI', 'BUtaH', 'na', 'ca', 'anyAm', 'aham', 'kAm', 'cit', 'api', 'diSam', 'jAnAmi']"
noun_pn,pt52.xml,ropyam,"['dAkziRAtyezu', 'jana', 'padezu', 'purandarapurasya', 'fdDi', 'sarva', 'guRa', 'sam', 'pannam', 'pfTivyAH', 'cUqA', 'maRi', 'ratna', 'BUtam', 'kElAsa', 'SiKara', 'Akfti', 'viviDa', 'yantra', 'praharaRa', 'AcaraRa', 'pari', 'pUrRa', 'go', 'pura', 'awwAlakam', 'visaNkawa', 'utkawa', 'dfQa', 'pariGa', 'kapAwa', 'toraRa', 'argala', 'upagata', 'indra', 'kIla', 'vipula', 'dvAram', 'su', 'vi', 'hita', 'SfNgAwaka', 'catuzpaTa', 'prati', 'sTita', 'an', 'eka', 'devatA', 'Ayatanam', 'pariKA', 'pari', 'karita', 'ut', 'Srita', 'hima', 'giri', 'sadfSa', 'AkAra', 'prAkAra', 'valaya', 'pari', 'vezwitam', 'mahilA', 'ropyam', 'nAma', 'nagaram']"
noun_pn,pt5.xml,mahilAropyaM,"['asti', 'dAkziRAtye', 'jana', 'pade', 'mahilAropyaM', 'nAma', 'nagaram']"
ppr. [1] md.,mbh12_26038.xml,varDamAnam,"['aTa', 'indraH', 'tam', 'vi', 'varDamAnam', 'soma', 'pAna', 'A', 'pyAyita', 'sarva', 'gAtram', 'dfzwvA', 'cintAm', 'A', 'pede']"
ppr. [1] md.,mbh03_14559.xml,jIvamAnaH,"['Goram', 'vratam', 'brAhmaRasya', 'etat', 'AhuH', 'etat', 'rAjan', 'yat', 'iha', 'a', 'jIvamAnaH']"
pfp,mbh12_13971.xml,lehya,"['api', 'ca', 'atra', 'mAlya', 'ABaraRa', 'vastra', 'aByaNga', 'ganDa', 'upaBoga', 'nftta', 'gita', 'vAditra', 'Sruti', 'suKa', 'nayana', 'aBirAma', 'saM', 'darSanAnAm', 'prAptiH', 'Bakzya', 'Bojya', 'peya', 'lehya', 'cozyAnam', 'aBI', 'ava', 'hAryARAm', 'viviDAnAm', 'upaBogaH', 'sva', 'dAra', 'vihAra', 'santozaH', 'kAma', 'suKa', 'ava', 'AptiH', 'iti']"
pcl_rel,pt1396.xml,yaH,"['pUjyaH', 'banDuH', 'api', 'priyaH', 'api', 'tanayaH', 'BrAtA', 'vayasyaH', 'api', 'vA', 'yaH', 'mohAt', 'an', 'avadya', 'kArya', 'vimuKaH', 'heyaH', 'sa', 'kArya', 'arTinA', 'loke', 'hi', 'praTitAH', 'nanu', 'SrutiH', 'iyam', 'na', 'arTaH', 'api', 'gAyanti', 'yAm', 'kim', 'kAryam', 'kanakena', 'tena', 'Bavati', 'CedAya', 'karRasya', 'yat']"
pcl_rel,pt1162.xml,yadi,"['yadi', 'sarvasya', 'lokasya', 'guRAH', 'kalyARa', 'kAriRaH', 'tat', 'kaTam', 'mfga', 'SAva', 'akzyAH', 'guRa', 'yogaH', 'dunoti', 'mAm']"
 ctp4,mbh12_26056.xml,eva,"['tasmAt', 'anantaram', 'viSvarUpa', 'gAtra', 'maTana', 'samBavam', 'tvazwf', 'ut', 'pAditam', 'eva', 'arim', 'vftram', 'indraH', 'jaGAna']"
 ctp4,mbh12_26160.xml,ArTam,"['nArAyaRaH', 'loka', 'hita', 'ArTam', 'vaqavAmuKaH', 'nAma', 'mahA', 'fziH', 'purA', 'aBavat']"
 adj ctp3,mbh03_14455.xml,SrAntaH,"['aTa', 'kzut', 'tfzRA', 'arditaH', 'SrAntaH', 'ati', 'mAtram', 'atimukta', 'AgAram', 'apaSyat']"
 adj ctp3,mbh03_14418.xml,ca,"['aTa', 'aDvani', 'jAta', 'SramaH', 'kzut', 'tfzRA', 'aBi', 'BUtaH', 'ca', 'kasmin', 'cit', 'uddeSe', 'nIlam', 'vana', 'zaRqam', 'apaSyat']"
vt8am,pt1632.xml,karoti,"['deSam', 'kAlam', 'kAryam', 'param', 'AtmAnam', 'ca', 'yaH', 'na', 'jAnAti', 'a', 'vi', 'mfSya', 'yaH', 'karoti', 'ca', 'na', 'sa', 'Palam', 'Apnoti', 'vE', 'mUrKaH']"
vt8am,pt1555.xml,karotu,"['BavAn', 'enAm', 'nirvizI', 'karotu']"
indefinite adj,pt672.xml,kaScid,"['aTa', 'evam', 'tasya', 'gacCataH', 'agre', 'kaScid', 'nadI', 'sam', 'A', 'yAtA']"
prap,mbh12_13977.xml,anu,"['vAna', 'prasTAH', 'Kalu', 'fzi', 'Darmam', 'anu', 'sarantaH', 'puRyAni', 'tIrTAni', 'nadI', 'prasravaRAni', 'su', 'vi', 'viktezu', 'araRyezu', 'mfga', 'mahiza', 'varAha', 'sfmara', 'gaja', 'AkIrRezu', 'tapasyantaH', 'anu', 'sam', 'caranti']"
prap,pt197.xml,dvizat,"['dvizat', 'dveza', 'paraH', 'nityam', 'izwAnAm', 'izwa', 'karma', 'kft', 'yaH', 'naraH', 'nara', 'nATasya', 'sa', 'Bavet', 'rAja', 'vallaBaH']"
num_cardinal,pt1004.xml,ekam,"['aTa', 'sA', 'vAyasI', 'kanaka', 'sUtram', 'ekam', 'A', 'dAya', 'sva', 'vfzA', 'aBimuKI', 'pra', 'tasTe']"
num_cardinal,pt1937.xml,ekaH,"['etEH', 'tAvat', 'SoBA', 'vacanAni', 'aBi', 'hitAni', 'na', 'ca', 'ekaH', 'api', 'svAminA', 'vi', 'nASitaH']"
cdvigu,mbh03_14417.xml,aSvena,"['tam', 'eka', 'aSvena', 'mfgam', 'anu', 'sarantam', 'mfgaH', 'dUram', 'apa', 'aharat']"
cdvigu,mbh12_13968.xml,GAtO,"['parivAda', 'upa', 'GAtO', 'ca', 'pAruzyam', 'ca', 'atra', 'garhitam']"
adj pfp. [1],mbh03_14547.xml,Sakyam,"['pra', 'yacCa', 'vAmyO', 'mama', 'pArTiva', 'tvam', 'kftam', 'hi', 'te', 'kAryam', 'anyEH', 'a', 'Sakyam']"
adj pfp. [1],mbh12_25955.xml,grAhyAt,"['etasyAm', 'avasTAyAm', 'nArAyaRa', 'guRa', 'aSrayAt', 'a', 'kzayAt', 'a', 'jarAt', 'an', 'indriyAt', 'a', 'grAhyAt', 'a', 'samBavAt', 'satyAt', 'a', 'hiMsrAt', 'lala', 'AmAt', 'viviDa', 'pravftti', 'viSezAt']"
vt6am,pt1538.xml,mocaya,"['mAm', 'asmAt', 'banDanAt', 'mocaya']"
vt6am,pt1040.xml,sicyate,"['yaTA', 'gOH', 'duhyate', 'kAle', 'pAlyate', 'ca', 'taTA', 'prajAH', 'sicyate', 'cIyate', 'ca', 'eva', 'latA', 'puzpa', 'Pala', 'pradA']"
ppr. ps.,mbh12_26125.xml,stUyamAnaH,"['tataH', 'sa', 'deva', 'rAw', 'devEH', 'fziBiH', 'stUyamAnaH', 'tri', 'vizwapa', 'sTaH', 'nizkalmazaH', 'baBUva']"
ppr. ps.,mbh03_14466.xml,kriyamARe,"['aTa', 'maRqUka', 'vaDe', 'Gore', 'kriyamARe', 'dikzu', 'sarvAsu', 'maRqUkAn', 'Bayam', 'A', 'aviSat']"
noun_ck,pt1875.xml,kzaRAt,"['yadi', 'evam', 'BUyaH', 'vadasi', 'tat', 'tvAm', 'tat', 'kzaRAt', 'eva', 'hanizyAmi', 'yataH', 'mayA', 'tasya', 'a', 'Baya', 'pradAnam', 'dattam']"
noun_ck,pt1937.xml,vacanAni,"['etEH', 'tAvat', 'SoBA', 'vacanAni', 'aBi', 'hitAni', 'na', 'ca', 'ekaH', 'api', 'svAminA', 'vi', 'nASitaH']"
 ctp upapada,mbh12_13955.xml,Pala,"['sam', 'A', 'vfttAnam', 'sa', 'dArARAm', 'sahaDarma', 'carya', 'Pala', 'arTinAm', 'gfha', 'ASramaH', 'vi', 'DIyate']"
 ctp3,mbh12_13910.xml,Darmam,"['an', 'ftAt', 'Kalu', 'tamaH', 'prAduH', 'BUtam', 'tamaH', 'grastAH', 'a', 'Darmam', 'eva', 'anu', 'vartante', 'na', 'Darmam']"
 ctp3,mbh03_14654.xml,goBiH,"['saraH', 'ca', 'idam', 'asya', 'dakziRA', 'dattABiH', 'goBiH', 'ati', 'kramamARABiH', 'kftam']"
pfp.,mbh12_13982.xml,mucya,"['vi', 'mucya', 'agni', 'Dana', 'kalatra', 'paribarha', 'saNgAn', 'AtmanaH', 'sneha', 'pASAn', 'ava', 'DUya', 'pari', 'vrajanti', 'sama', 'lozwa', 'aSma', 'kAYcanAH', 'tri', 'varga', 'pra', 'vfttezu', 'AramBezu', 'a', 'sakta', 'budDayaH', 'ari', 'mitra', 'ud', 'AsInezu', 'tulya', 'vfttayaH', 'sTAvara', 'jara', 'Ayuja', 'aRqaja', 'svedaja', 'ud', 'BijjAnAm', 'BUtAnAm', 'vAk', 'manaH', 'karmaBiH', 'an', 'aBi', 'drohiRaH', 'a', 'niketAH', 'parvata', 'pulina', 'vfkza', 'mUla', 'devata', 'yatanAni', 'anu', 'carantaH', 'vAsa', 'ArTam', 'upa', 'IyuH', 'nagaram', 'grAmam', 'vA', 'nagare', 'paYca', 'rAtrikAH', 'grAma', 'eka', 'rAtrikAH']"
ca. pfp. [3],mbh03_14439.xml,darSayitavyam,"['udakam', 'me', 'na', 'darSayitavyam', 'iti']"
ctp6,mbh12_26087.xml,samIpam,"['sA', 'upaSrutiH', 'SacI', 'samIpam', 'agAt']"
ctp6,mbh03_14459.xml,salilam,"['sADu', 'ava', 'tara', 'vApI', 'salilam', 'iti']"
pp. ctp5,mbh12_26159.xml,kfta,"['tatra', 'tasya', 'anila', 'vyajana', 'kfta', 'paritozasya', 'sadyaH', 'vanaspatayaH', 'puzpa', 'SoBAm', 'na', 'darSitavantaH', 'iti', 'saH', 'etAn', 'SaSApa', 'na', 'sarva', 'kAlam', 'puzpavantaH', 'BavizyaTa', 'iti']"
pap,pt1637.xml,hitavatI,"['tat', 'ca', 'smftvA', 'tat', 'vacanam', 'prati', 'padya', 'aBi', 'hitavatI']"
pap,pt1682.xml,ca,"['aTa', 'te', 'siMha', 'AdayaH', 'tat', 'A', 'karRya', 'SfgAlaH', 'ayam', 'iti', 'matvA', 'sa', 'lajjA', 'aDo', 'muKAH', 'kzaRam', 'ekam', 'tasTuH', 'uktavantaH', 'ca']"
noun_gerundive_ya,pt1411.xml,rAjya,"['mUla', 'Bftya', 'uparoDena', 'na', 'hi', 'A', 'gantum', 'pra', 'pUjayet', 'na', 'ataH', 'parataraH', 'anyaH', 'asti', 'rAjya', 'Beda', 'karaH', 'karaH', 'gadaH', 'gadaH']"
noun_gerundive_ya,pt1561.xml,rAjya,"['tena', 'ca', 'svakIya', 'kuwumbam', 'A', 'nIya', 'suhft', 'sva', 'jana', 'sama', 'itena', 'Bojana', 'Adi', 'kriyA', 'pari', 'tuzwena', 'an', 'eka', 'maKa', 'karaRa', 'arjita', 'puRya', 'prAk', 'BAreRa', 'sakala', 'rAjya', 'cintA', 'sam', 'Bfta', 'ADipatyena', 'suKam', 'anu', 'BUyate', 'sma']"
 adj cab,mbh03_14426.xml,puzpARi,"['aTa', 'apaSyat', 'kanyAm', 'parama', 'rUpa', 'darSanIyAm', 'puzpARi', 'ava', 'cinvatIm', 'gAyantIm', 'ca']"
 adj cbv,pt977.xml,vA,"['varam', 'vi', 'hAraH', 'saha', 'pannagEH', 'kftaH', 'SaWa', 'AtmaBiH', 'vA', 'ripuBiH', 'saha', 'uzitam', 'a', 'Darma', 'yuktEH', 'capalEH', 'a', 'paRqitEH', 'na', 'pApa', 'mitrEH', 'saha', 'vartitum', 'kzamam']"
 adj cbv,pt1153.xml,sTAnezu,"['aTa', 'kadA', 'cit', 'kasmin', 'cit', 'sam', 'jAta', 'mahA', 'utsave', 'sarvaH', 'eva', 'pOra', 'janaH', 'yaTA', 'viBava', 'Bfta', 'alaNkAraH', 'devatA', 'Ayatana', 'Adizu', 'sTAnezu', 'pari', 'Bramitum', 'pra', 'vfttaH']"
adv,mbh03_14459.xml,sADu,"['sADu', 'ava', 'tara', 'vApI', 'salilam', 'iti']"
adv,mbh12_13980.xml,agnivat,"['sa', 'dahet', 'agnivat', 'dozAn', 'jayet', 'lokAn', 'ca', 'durjayAn']"
prap_desid,pt1358.xml,vivakzuH,"['kim', 'BavAn', 'vivakzuH', 'iti']"
prap_desid,pt1362.xml,cikIrzuH,"['tat', 'enam', 'hftvA', 'svayam', 'eva', 'aham', 'suKena', 'rAjyam', 'grahIzyAmi', 'adya', 'eva', 'ayam', 'saYjIvakaH', 'enam', 'arTam', 'cikIrzuH', 'asti']"
adj ctp2,mbh12_13955.xml,gfha,"['sam', 'A', 'vfttAnam', 'sa', 'dArARAm', 'sahaDarma', 'carya', 'Pala', 'arTinAm', 'gfha', 'ASramaH', 'vi', 'DIyate']"
adj ctp2,mbh12_25999.xml,pradasya,"['vAk', 'samakAlam', 'hi', 'tasya', 'devasya', 'vara', 'pradasya', 'brAhmaRAH', 'praTamam', 'prAduH', 'BUtAH', 'brAhmaReByaH', 'ca', 'SezAH', 'varRAH', 'prAduH', 'BUtAH']"
adv_rel,pt1643.xml,yadA,"['mada', 'Srama', 'nidrA', 'parIta', 'kAyaH', 'yadA', 'nf', 'patiH', 'Bavati', 'tadA', 'niBftam', 'pAdayoH', 'tvayA', 'daMzwavyaH', 'etO', 'deSa', 'kAlO']"
adv_rel,pt1867.xml,yAvat,"['tat', 'tizWantu', 'BavantaH', 'atra', 'eva', 'yAvat', 'aham', 'gfham', 'gatvA', 'svAmi', 'vacanam', 'A', 'nayAmi']"
vt9am,pt1632.xml,jAnAti,"['deSam', 'kAlam', 'kAryam', 'param', 'AtmAnam', 'ca', 'yaH', 'na', 'jAnAti', 'a', 'vi', 'mfSya', 'yaH', 'karoti', 'ca', 'na', 'sa', 'Palam', 'Apnoti', 'vE', 'mUrKaH']"
noun_pn_ctp_dvigu,pt703.xml,kratuH,"['svAgatena', 'agnayaH', 'prItAH', 'Asanena', 'Sata', 'kratuH', 'pAda', 'SOcena', 'govindaH', 'anna', 'Adyena', 'prajA', 'patiH']"
ctp upapada,mbh12_25970.xml,vAdaH,"['mantra', 'vAdaH', 'api', 'hi', 'Bavati']"
ctp upapada,mbh12_13903.xml,cArI,"['brahma', 'cArI', 'na', 'kAma', 'suKezu', 'AtmAnam', 'ava', 'daDAti']"
iic.,pt52.xml,mahilA,"['dAkziRAtyezu', 'jana', 'padezu', 'purandarapurasya', 'fdDi', 'sarva', 'guRa', 'sam', 'pannam', 'pfTivyAH', 'cUqA', 'maRi', 'ratna', 'BUtam', 'kElAsa', 'SiKara', 'Akfti', 'viviDa', 'yantra', 'praharaRa', 'AcaraRa', 'pari', 'pUrRa', 'go', 'pura', 'awwAlakam', 'visaNkawa', 'utkawa', 'dfQa', 'pariGa', 'kapAwa', 'toraRa', 'argala', 'upagata', 'indra', 'kIla', 'vipula', 'dvAram', 'su', 'vi', 'hita', 'SfNgAwaka', 'catuzpaTa', 'prati', 'sTita', 'an', 'eka', 'devatA', 'Ayatanam', 'pariKA', 'pari', 'karita', 'ut', 'Srita', 'hima', 'giri', 'sadfSa', 'AkAra', 'prAkAra', 'valaya', 'pari', 'vezwitam', 'mahilA', 'ropyam', 'nAma', 'nagaram']"
iic.,pt316.xml,Sakti,"['Sakti', 'vEkalya', 'namrasya', 'niHsAratvAt', 'laGIyasaH', 'janminaH', 'mAna', 'hInasya', 'tfRasya', 'ca', 'samA', 'gatiH']"
gerundive_tavya_cau,pt1479.xml,tArayitavyaH,"['etat', 'matvA', 'na', 'ut', 'tArayitavyaH', 'ayam', 'na', 'ca', 'asya', 'viSvAsam', 'anu', 'gantavyam']"
gerundive_tavya_cau,pt425.xml,dApayitavyaH,"['tat', 'yadi', 'mAm', 'avaSyam', 'tatra', 'nayasi', 'tataH', 'a', 'Baya', 'prasAdaH', 'svAminaH', 'sakASAt', 'dApayitavyaH']"
vt1m 6am,pt624.xml,muYcati,"['tataH', 'sa', 'na', 'kasya', 'cit', 'vi', 'Svasiti', 'naktam', 'dinam', 'kakzA', 'antarAt', 'tAm', 'na', 'muYcati']"
adj_ctp_gati,pt677.xml,viSvastaH,"['deva', 'SarmA', 'api', 'CAttra', 'guRa', 'gaRa', 'anu', 'raYjita', 'manAH', 'su', 'viSvastaH', 'upa', 'vizwaH', 'yAvat', 'tizWati', 'tAvat', 'huqa', 'yUTa', 'maDye', 'huqa', 'yugala', 'yudDam', 'apaSyat']"
adj_ctp_gati,pt748.xml,virUpaH,"['yadyapi', 'na', 'Bavati', 'dEvAt', 'pumAn', 'virUpaH', 'api', 'banDukI', 'rahasi', 'Badram', 'api', 'tat', 'api', 'kazwAt', 'nija', 'kAntam', 'sA', 'Bajati', 'eva']"
cvi,mbh12_26011.xml,kaluzI,"['yasmAt', 'mama', 'upa', 'spfSataH', 'kaluzI', 'BUtAH', 'na', 'prasAdam', 'upa', 'gatAH', 'tasmAt', 'adya', 'praBfti', 'Jaza', 'makara', 'matsya', 'kacCapa', 'jantu', 'sam', 'kIrRAH', 'kaluzI', 'Bavata', 'iti']"
cvi,pt1770.xml,vfdDI,"['tizWan', 'aham', 'iha', 'AvAse', 'vfdDI', 'BUtaH', 'na', 'ca', 'anyAm', 'aham', 'kAm', 'cit', 'api', 'diSam', 'jAnAmi']"
gerundive_ya,pt1924.xml,Bakzyam,"['na', 'a', 'Bakzyam', 'Bakzayet', 'prAjYaH', 'prAREH', 'kaRWa', 'gatEH', 'api', 'viSezAt', 'tat', 'api', 'stokam', 'loka', 'dvaya', 'vinASi', 'ca']"
gerundive_ya,pt44.xml,itya,"['te', 'api', 'tAni', 'aDi', 'itya', 'mAsa', 'zawkena', 'yaToktAH', 'sam', 'jAtAH']"
pfap,pt1812.xml,vidvadBiH,"['siMhEH', 'paYjara', 'yantraRA', 'pariBava', 'prasnAna', 'dIna', 'AnanEH', 'nAgEH', 'aNkuSa', 'Binna', 'mastaka', 'puwEH', 'mantra', 'a', 'lasEH', 'pannagEH', 'vidvadBiH', 'ca', 'nirASraya', 'vyasaniBiH', 'SUrEH', 'ca', 'BAgya', 'kzatEH', 'kAlaH', 'krIqanakEH', 'iva', 'Atma', 'rucitEH', 'preNKolayan', 'krIqati']"
vt3am,pt1931.xml,dIyatAm,"['dIyatAm', 'mama', 'a', 'kzayaH', 'svarga', 'vAsaH']"
vt3am,pt1095.xml,Datte,"['Satam', 'ekaH', 'api', 'sam', 'Datte', 'prAkAra', 'sTaH', 'DanuH', 'DaraH', 'tasmAt', 'durgam', 'pra', 'SaMsanti', 'nIti', 'SAstra', 'vicakzaRAH']"
vt6a,pt1203.xml,izyate,"['vayasyaH', 'enam', 'A', 'ruhya', 'kIlikAm', 'dattvA', 'yatra', 'izyate', 'tatra', 'gamyate']"
vt6a,pt1211.xml,diSyatAm,"['tasmAt', 'sam', 'A', 'diSyatAm', 'kim', 'kartavyam']"
adj ppr. [9] ac.,mbh03_14475.xml,jAnatAm,"['pra', 'kzIyate', 'Dana', 'udrekaH', 'janAnAm', 'a', 'vi', 'jAnatAm']"
pron_int,pt842.xml,kasmin,"['kasmin', 'vyasane', 'vartate', 'svAmI', 'piNgalakaH']"
pron_int,pt1396.xml,kim,"['pUjyaH', 'banDuH', 'api', 'priyaH', 'api', 'tanayaH', 'BrAtA', 'vayasyaH', 'api', 'vA', 'yaH', 'mohAt', 'an', 'avadya', 'kArya', 'vimuKaH', 'heyaH', 'sa', 'kArya', 'arTinA', 'loke', 'hi', 'praTitAH', 'nanu', 'SrutiH', 'iyam', 'na', 'arTaH', 'api', 'gAyanti', 'yAm', 'kim', 'kAryam', 'kanakena', 'tena', 'Bavati', 'CedAya', 'karRasya', 'yat']"
 ck,mbh12_13923.xml,janitrI,"['pfTivI', 'sarva', 'BUtAnAm', 'janitrI', 'viDAH', 'striyaH']"
 ck,mbh12_25951.xml,sTAvara,"['a', 'vi', 'akte', 'sarva', 'BUta', 'pralaye', 'sTAvara', 'jaNgame']"
noun_pn_ctp3,pt1900.xml,utkawaH,"['aTa', 'tAn', 'dfzwvA', 'mada', 'utkawaH', 'pra', 'Aha']"
noun_pn_ctp3,pt1899.xml,utkawam,"['tataH', 'te', 'sarve', 'bAzpa', 'pUrita', 'dfSaH', 'gatvA', 'mada', 'utkawam', 'pra', 'namya', 'upa', 'vizwAH']"
adv_dem,pt1969.xml,tatra,"['aTa', 'tatra', 'vane', 'vimalaH', 'nAma', 'siMhaH', 'prati', 'vasati', 'sma']"
adv_dem,pt1643.xml,tadA,"['mada', 'Srama', 'nidrA', 'parIta', 'kAyaH', 'yadA', 'nf', 'patiH', 'Bavati', 'tadA', 'niBftam', 'pAdayoH', 'tvayA', 'daMzwavyaH', 'etO', 'deSa', 'kAlO']"
adj ppr. [5] ac.,mbh03_14426.xml,gAyantIm,"['aTa', 'apaSyat', 'kanyAm', 'parama', 'rUpa', 'darSanIyAm', 'puzpARi', 'ava', 'cinvatIm', 'gAyantIm', 'ca']"
noun_ctp_upapada,pt197.xml,kft,"['dvizat', 'dveza', 'paraH', 'nityam', 'izwAnAm', 'izwa', 'karma', 'kft', 'yaH', 'naraH', 'nara', 'nATasya', 'sa', 'Bavet', 'rAja', 'vallaBaH']"
noun_ctp_upapada,pt1396.xml,arTinA,"['pUjyaH', 'banDuH', 'api', 'priyaH', 'api', 'tanayaH', 'BrAtA', 'vayasyaH', 'api', 'vA', 'yaH', 'mohAt', 'an', 'avadya', 'kArya', 'vimuKaH', 'heyaH', 'sa', 'kArya', 'arTinA', 'loke', 'hi', 'praTitAH', 'nanu', 'SrutiH', 'iyam', 'na', 'arTaH', 'api', 'gAyanti', 'yAm', 'kim', 'kAryam', 'kanakena', 'tena', 'Bavati', 'CedAya', 'karRasya', 'yat']"
adj ck,mbh12_25998.xml,sarva,"['veda', 'purARa', 'itihAsa', 'prAmARyAt', 'nArAyaRa', 'muKa', 'ut', 'gatAH', 'sarva', 'AtmAnaH', 'sarva', 'kartAraH', 'sarva', 'BAvanAH', 'ca', 'brAhmaRAH']"
adj ck,mbh03_14456.xml,sukftAm,"['tat', 'pra', 'viSya', 'rAjA', 'sa', 'saha', 'priyayA', 'suDA', 'tala', 'sukftAm', 'vimala', 'salila', 'pUrRAm', 'vApIm', 'apaSyat']"
prmp[10],pt1291.xml,mantrayamARAH,"['pawaha', 'GozaRAm', 'SrutvA', 'tuzwAH', 'pOra', 'janAH', 'parasparam', 'mantrayamARAH', 'UcuH', 'yaTA']"
prmp[10],pt1681.xml,SabdAyamAna,"['evam', 'gacCati', 'kAle', 'kadA', 'cit', 'tena', 'A', 'sTAna', 'gatena', 'tat', 'pradeSa', 'A', 'sanna', 'SabdAyamAna', 'SfgAla', 'vfnda', 'Sabdam', 'A', 'karRya', 'pulakita', 'vapuza', 'Ananda', 'aSru', 'pUrRa', 'nayana', 'yugalena', 'ut', 'sTAya', 'tAra', 'tara', 'svareRa', 'SabdAyitum', 'A', 'rabDam']"
ctp7,mbh12_13978.xml,kuSa,"['tyakta', 'grAmya', 'vastra', 'AhAra', 'upaBogAH', 'vanya', 'OzaDi', 'mUla', 'Pala', 'parRa', 'pari', 'mita', 'vicitra', 'ni', 'yata', 'AhArAH', 'sTAna', 'AsaninaH', 'BUmi', 'pAzARa', 'sikatA', 'SarkarA', 'vAlukA', 'Basma', 'SAyinaH', 'kASa', 'kuSa', 'carma', 'valkala', 'saM', 'vfta', 'aNgAH', 'keSa', 'SmaSru', 'naKa', 'roma', 'DAriRaH', 'niyata', 'kAla', 'upasparSanAH', 'askanna', 'homa', 'bali', 'kAla', 'anu', 'zWAyinaH', 'samitkuSa', 'kusuma', 'upahAra', 'homa', 'arjana', 'labDa', 'viSrAmAH', 'SItA', 'uzRa', 'pavana', 'niH', 'tapta', 'vi', 'Binna', 'sarva', 'tvacaH', 'viviDa', 'niyama', 'yoga', 'carya', 'avihita', 'Darma', 'anu', 'zWAna', 'hfta', 'mAMsa', 'SoRitAH', 'tvak', 'asTi', 'BUtAH', 'Dfti', 'parAH', 'sattva', 'yogAt', 'SarIrARi', 'ud', 'vahanti']"
ctp7,mbh12_13948.xml,vAsam,"['tatra', 'guru', 'kula', 'vAsam', 'eva', 'tAvat', 'praTamam', 'ASramam', 'uda', 'A', 'haranti']"
pron_dem,pt1637.xml,tat,"['tat', 'ca', 'smftvA', 'tat', 'vacanam', 'prati', 'padya', 'aBi', 'hitavatI']"
pron_dem,pt988.xml,tEH,"['tEH', 'ca', 'aBi', 'hitaH']"
 preverb,pt229.xml,aBi,"['yaTA', 'aBi', 'pra', 'itam', 'anu', 'sTIyatAm']"
 preverb,pt566.xml,aBi,"['evam', 'aBi', 'hite', 'damanakaH', 'tam', 'sam', 'A', 'dAya', 'piNgalaka', 'sakASam', 'A', 'agacCat', 'Aha', 'ca']"
noun_pn_cbv,pt1969.xml,vimalaH,"['aTa', 'tatra', 'vane', 'vimalaH', 'nAma', 'siMhaH', 'prati', 'vasati', 'sma']"
noun_pn_cbv,pt1045.xml,matiH,"['aTa', 'tat', 'vacaH', 'sam', 'A', 'karRya', 'manda', 'matiH', 'Aha']"
adj_cdi,pt926.xml,maDyamAn,"['BakzayitvA', 'bahUn', 'matsyAn', 'uttama', 'aDama', 'maDyamAn', 'atilOlyAt', 'bakaH', 'kaH', 'cit', 'mftaH', 'karkawaka', 'grahAt']"
adj cbv,mbh03_14651.xml,ud,"['sa', 'muhUrtam', 'DyAtvA', 'bAzpa', 'pUrRa', 'nayanaH', 'ud', 'vigna', 'hfdayaH', 'vepamAnaH', 'visaYjYa', 'kalpaH', 'prAYjaliH', 'abravIt']"
adj cbv,mbh03_14478.xml,rAjA,"['tam', 'evam', 'vAdinam', 'izwa', 'jana', 'Soka', 'pari', 'ita', 'AtmA', 'rAjA', 'pra', 'uvAca']"
ppr. [1] ac.,mbh03_14551.xml,vahanti,"['tAByAm', 'yAhi', 'tvam', 'yatra', 'kAmaH', 'mahA', 'fze', 'CandAMsi', 'vE', 'tvA', 'dfSam', 'sam', 'vahanti']"
ppr. [1] ac.,mbh12_26066.xml,jvaladBiH,"['nahuzaH', 'paYcaBiH', 'SatEH', 'jyotizAm', 'lalAwe', 'jvaladBiH', 'sarva', 'tejaH', 'harEH', 'tri', 'vizwapam', 'pAlayAm', 'baBUva']"
vt4m,pt917.xml,manyase,"['Badra', 'kim', 'evam', 'sati', 'pra', 'Apta', 'kAlam', 'manyase']"
vt4m,pt840.xml,padyate,"['vyasanam', 'hi', 'mahA', 'rAjYaH', 'mohAt', 'sam', 'prati', 'padyate', 'viDinA', 'SAstra', 'dfzwena', 'mftyuH', 'vAryaH', 'pra', 'yatnataH']"
pcl_int,pt23.xml,kim,"['tat', 'sam', 'kzepa', 'mAtram', 'kim', 'cit', 'etezAm', 'praboDana', 'arTam', 'cintyatAm', 'iti']"
pcl_int,pt1003.xml,kim,"['tataH', 'ca', 'kAkI', 'kim', 'cit', 'saraH', 'prA', 'Apya', 'yAvat', 'paSyati', 'tat', 'maDye', 'kasya', 'cit', 'rAjYaH', 'antaH', 'puram', 'jala', 'A', 'sanna', 'ni', 'asta', 'kanaka', 'sUtra', 'muktA', 'hAra', 'vastra', 'ABaraRam', 'jala', 'krIqAm', 'karoti']"
int. ppr. md.,mbh01_968.xml,rorUyamARam,"['tam', 'mAtA', 'rorUyamARam', 'uvAca']"
int. ppr. md.,mbh01_967.xml,rorUyamARaH,"['sa', 'janamejayasya', 'BrAtfBiH', 'aBihataH', 'rorUyamARaH', 'mAtuH', 'samIpam', 'upa', 'agacCat']"
 ctp5,mbh03_14416.xml,pArTivaH,"['ayoDyAyAm', 'ikzvAku', 'kula', 'ut', 'pannaH', 'pArTivaH', 'parikzit', 'nAma', 'mfgayAm', 'agamat']"
 ctp5,mbh12_25998.xml,sarva,"['veda', 'purARa', 'itihAsa', 'prAmARyAt', 'nArAyaRa', 'muKa', 'ut', 'gatAH', 'sarva', 'AtmAnaH', 'sarva', 'kartAraH', 'sarva', 'BAvanAH', 'ca', 'brAhmaRAH']"
ctp2,mbh12_13949.xml,SuSrUzA,"['samyak', 'atra', 'SOca', 'saMskAra', 'vinaya', 'niyama', 'pra', 'RItaH', 'vi', 'nIta', 'AtmAH', 'uBe', 'sanDye', 'BAskara', 'agni', 'dEvatAni', 'upa', 'sTAya', 'vi', 'hAya', 'tandrA', 'Alasye', 'guroH', 'aBivAdana', 'veda', 'aByAsa', 'SravaRa', 'pavitrI', 'kfta', 'antara', 'AtmA', 'trizavaRam', 'upa', 'spfSya', 'brahmacarya', 'agni', 'pari', 'caraRa', 'guru', 'SuSrUzA', 'nityaH', 'BEkza', 'Adi', 'sarva', 'ni', 'vedita', 'Antara', 'AtmA', 'guru', 'vacana', 'nirdeSa', 'anuzWAna', 'a', 'pratikUlaH', 'guru', 'prasAda', 'labDa', 'svADyAya', 'tat', 'paraH', 'syAt']"
ctp2,mbh12_13959.xml,prasaNginaH,"['vAna', 'prasTa', 'AnAm', 'dravya', 'upaskAraH', 'iti', 'prAyaSaH', 'Kalu', 'ete', 'sADavaH', 'sADu', 'paTya', 'darSanAH', 'svADyAya', 'prasaNginaH', 'tIrTa', 'aBigamana', 'deSa', 'darSana', 'arTam', 'pfTivIm', 'pari', 'awanti']"
pcl_kp,pt254.xml,api,"['savya', 'dakziRa', 'yatra', 'viSezaH', 'na', 'upa', 'laByate', 'na', 'tatra', 'kzaRam', 'api', 'AryaH', 'vidyamAna', 'gatiH', 'vaset']"
pcl_kp,pt1118.xml,prati,"['tataH', 'kam', 'cit', 'kUpam', 'A', 'sAdya', 'siMham', 'prati', 'Aha']"
adv_cbv,pt1278.xml,mAnam,"['tataH', 'sudarSanAm', 'A', 'hUya', 'maDura', 'a', 'kzarEH', 'sa', 'bahu', 'mAnam', 'abravIt']"
adv_cbv,pt1265.xml,kroDam,"['aTa', 'asO', 'sa', 'bala', 'parivAraH', 'catuH', 'aNga', 'senA', 'sa', 'nATaH', 'tat', 'upari', 'pra', 'calitaH', 'sa', 'kroDam', 'uktavAn', 'ca']"
 ctp2,mbh03_14524.xml,raTena,"['sa', 'ca', 'tO', 'aSvO', 'prati', 'gfhya', 'anu', 'jYApya', 'ca', 'fzim', 'pra', 'ayAt', 'vAmya', 'sam', 'yuktena', 'raTena', 'mfgam', 'prati']"
 ctp2,mbh12_13978.xml,yogAt,"['tyakta', 'grAmya', 'vastra', 'AhAra', 'upaBogAH', 'vanya', 'OzaDi', 'mUla', 'Pala', 'parRa', 'pari', 'mita', 'vicitra', 'ni', 'yata', 'AhArAH', 'sTAna', 'AsaninaH', 'BUmi', 'pAzARa', 'sikatA', 'SarkarA', 'vAlukA', 'Basma', 'SAyinaH', 'kASa', 'kuSa', 'carma', 'valkala', 'saM', 'vfta', 'aNgAH', 'keSa', 'SmaSru', 'naKa', 'roma', 'DAriRaH', 'niyata', 'kAla', 'upasparSanAH', 'askanna', 'homa', 'bali', 'kAla', 'anu', 'zWAyinaH', 'samitkuSa', 'kusuma', 'upahAra', 'homa', 'arjana', 'labDa', 'viSrAmAH', 'SItA', 'uzRa', 'pavana', 'niH', 'tapta', 'vi', 'Binna', 'sarva', 'tvacaH', 'viviDa', 'niyama', 'yoga', 'carya', 'avihita', 'Darma', 'anu', 'zWAna', 'hfta', 'mAMsa', 'SoRitAH', 'tvak', 'asTi', 'BUtAH', 'Dfti', 'parAH', 'sattva', 'yogAt', 'SarIrARi', 'ud', 'vahanti']"
noun_ctp6,pt1312.xml,BaktAH,"['Bagavat', 'BaktAH', 'ca', 'tridaRqinaH', 'pravrajyAm', 'tyakzyanti']"
noun_ctp6,pt1637.xml,vacanam,"['tat', 'ca', 'smftvA', 'tat', 'vacanam', 'prati', 'padya', 'aBi', 'hitavatI']"
vt10m,pt1169.xml,nArAyaRAyate,"['dikzu', 'BUmO', 'taTA', 'AkASe', 'sarvatra', 'ca', 'vi', 'BAvyate', 'smaryate', 'prARa', 'sandehe', 'tanvI', 'nArAyaRAyate']"
 cbv,pt1024.xml,militvA,"['aTa', 'tat', 'vana', 'jAH', 'sarve', 'sAraNga', 'varAha', 'mahiza', 'gavaya', 'SaSaka', 'AdayaH', 'militvA', 'dIna', 'AnanAH', 'mahI', 'tala', 'ava', 'sakta', 'jAnavaH', 'pra', 'nata', 'SirasaH', 'sa', 'vinayAH', 'tam', 'mfga', 'patim', 'vi', 'jYapayitum', 'A', 'rabDAH']"
 cbv,pt1021.xml,siMhaH,"['asti', 'kasmin', 'cit', 'vana', 'uddeSe', 'mada', 'ut', 'mattaH', 'manda', 'mati', 'nAmA', 'siMhaH']"
ctp5,mbh12_25949.xml,udBavam,"['Atma', 'teja', 'udBavam', 'pArTa', 'SfRuzva', 'ekamanAH', 'mama']"
ctp5,mbh03_14478.xml,Soka,"['tam', 'evam', 'vAdinam', 'izwa', 'jana', 'Soka', 'pari', 'ita', 'AtmA', 'rAjA', 'pra', 'uvAca']"
noun_ctp5,pt1396.xml,vimuKaH,"['pUjyaH', 'banDuH', 'api', 'priyaH', 'api', 'tanayaH', 'BrAtA', 'vayasyaH', 'api', 'vA', 'yaH', 'mohAt', 'an', 'avadya', 'kArya', 'vimuKaH', 'heyaH', 'sa', 'kArya', 'arTinA', 'loke', 'hi', 'praTitAH', 'nanu', 'SrutiH', 'iyam', 'na', 'arTaH', 'api', 'gAyanti', 'yAm', 'kim', 'kAryam', 'kanakena', 'tena', 'Bavati', 'CedAya', 'karRasya', 'yat']"
noun_ctp5,pt1048.xml,BItaH,"['aTa', 'taTA', 'iti', 'prati', 'jYAya', 'nirvfti', 'BAjaH', 'tatra', 'vane', 'nirBayAH', 'te', 'parI', 'awanti', 'ekaH', 'ca', 'jAti', 'krameRa', 'vfdDaH', 'vA', 'vErAgya', 'yuktaH', 'vA', 'Soka', 'grastaH', 'vA', 'putra', 'kalatra', 'nASa', 'BItaH', 'vA', 'tasya', 'AhAra', 'arTam', 'maDya', 'ahna', 'samaye', 'pratidinam', 'upa', 'tizWate', 'iti']"
patronymic,pt1103.xml,BArgavaH,"['AtmanaH', 'Saktim', 'ut', 'vi', 'Ikzya', 'mAna', 'utsAhO', 'tu', 'yaH', 'vrajet', 'SatrUn', 'ekaH', 'api', 'hanyAt', 'ca', 'kzatriyAn', 'BArgavaH', 'yaTA']"
ppr. [4] ac.,mbh12_13890.xml,paSyantaH,"['loka', 'sfzwim', 'pra', 'paSyantaH', 'na', 'muhyanti', 'vicakzaRAH']"
vi2a,pt633.xml,syAt,"['niHspfhaH', 'na', 'aDikArI', 'syAt', 'na', 'a', 'kAmI', 'maRqana', 'priyaH', 'na', 'a', 'vi', 'dagDaH', 'priyam', 'brUyAt', 'sPuwa', 'vaktA', 'na', 'vaYcakaH']"
vi2a,pt1319.xml,astu,"['evam', 'astu', 'iti', 'prati', 'pannam', 'garuqena']"
 cpt3,mbh03_14456.xml,vApIm,"['tat', 'pra', 'viSya', 'rAjA', 'sa', 'saha', 'priyayA', 'suDA', 'tala', 'sukftAm', 'vimala', 'salila', 'pUrRAm', 'vApIm', 'apaSyat']"
vt6a m,pt1124.xml,mumoca,"['sa', 'ca', 'siMhaH', 'ati', 'mUrKatayA', 'AtmanaH', 'pratibimbam', 'jala', 'maDya', 'gatam', 'dfzwvA', 'siMha', 'nAdam', 'mumoca']"
pcl_conj,pt1140.xml,ca,"['kfte', 'viniScaye', 'puMsAm', 'devAH', 'yAnti', 'sahAyatAm', 'vizRuH', 'cakram', 'garutmAn', 'ca', 'kOlikasya', 'yaTA', 'Ahave']"
pcl_conj,pt1312.xml,ca,"['Bagavat', 'BaktAH', 'ca', 'tridaRqinaH', 'pravrajyAm', 'tyakzyanti']"
abs,mbh03_14648.xml,SrutvA,"['etat', 'SrutvA', 'sa', 'kacCapaH', 'tasmAt', 'sarasaH', 'ut', 'TAya', 'aBi', 'agacCat', 'yatra', 'tizWAmaH', 'vayam', 'tasya', 'sarasaH', 'tIre']"
abs,mbh03_14586.xml,maTya,"['ikzvAkavaH', 'hanta', 'carAmi', 'vaH', 'priyam', 'ni', 'hanmi', 'imam', 'vipram', 'adya', 'pra', 'maTya']"
vi10am,pt627.xml,acintayat,"['aTa', 'AzAQaBUti', 'nAmA', 'para', 'vitta', 'apa', 'hArI', 'DUrtaH', 'arTa', 'mAtrAm', 'tasya', 'kakzA', 'antaH', 'gatAm', 'lakzayitvA', 'vi', 'acintayat']"
pfp. [1],mbh03_14498.xml,pUjya,"['sa', 'ca', 'rAjA', 'tAm', 'upa', 'laBya', 'tasyAm', 'surata', 'guRa', 'nibadDa', 'hfdayaH', 'loka', 'traya', 'ESvaryam', 'iva', 'upa', 'laBya', 'harza', 'bAzpa', 'kalayA', 'vAcA', 'pra', 'Ri', 'patya', 'aBi', 'pUjya', 'maRqUka', 'rAjAnam', 'abravIt']"
pfp. [1],mbh03_14547.xml,kAryam,"['pra', 'yacCa', 'vAmyO', 'mama', 'pArTiva', 'tvam', 'kftam', 'hi', 'te', 'kAryam', 'anyEH', 'a', 'Sakyam']"
adv_reflexive,pt1881.xml,svayam,"['yadi', 'punaH', 'sa', 'deva', 'pAdAnAm', 'svayam', 'eva', 'BaktyA', 'AtmanaH', 'jIvitavyam', 'pra', 'yacCati', 'tataH', 'na', 'dozaH']"
adv_reflexive,pt1342.xml,kOlikaH,"['tataH', 'api', 'nara', 'kari', 'raTa', 'turaga', 'BARqa', 'AgAra', 'Adi', 'sarvam', 'pratipakza', 'Danam', 'suprativarmaRaH', 'vaSI', 'kftya', 'svayam', 'kOlikaH', 'labDa', 'vi', 'jaya', 'mahAtmyaH', 'rAja', 'duhitrA', 'saha', 'sakala', 'suKAni', 'anu', 'baBUva']"
vi6a,pt1459.xml,vidyate,"['tri', 'satyena', 'aham', 'AtmAnam', 'SapAmi', 'na', 'Bayam', 'tava', 'asmat', 'sakASAt', 'vidyate']"
vi6a,pt1570.xml,Kidyate,"['sa', 'snigDaH', 'vyasanAt', 'ni', 'vArayati', 'yaH', 'tat', 'karma', 'yat', 'nirmalam', 'sA', 'strI', 'yA', 'anu', 'viDAyinI', 'sa', 'matimAn', 'yaH', 'sadBiH', 'aBi', 'arcyate', 'sA', 'SrIH', 'yA', 'na', 'madam', 'karoti', 'sa', 'suKI', 'yaH', 'tfzRayA', 'na', 'Uhyate', 'tat', 'mitram', 'yat', 'a', 'yantraRam', 'sa', 'puruzaH', 'yaH', 'Kidyate', 'na', 'Apadi']"
adv_int,pt1752.xml,kadA,"['aTa', 'kadA', 'cit', 'tasya', 'antakaraH', 'mftyuH', 'ulUka', 'rUpeRa', 'A', 'yAtaH']"
adv_int,pt911.xml,kaTam,"['tat', 'kaTam', 'asya', 'apa', 'karizyasi']"
pp. cd,mbh12_13914.xml,vAta,"['caRqa', 'vAta', 'ati', 'uzRa', 'ati', 'SIta', 'kftEH', 'ca', 'prati', 'BayEH', 'SArIrEH', 'duHKEH', 'upa', 'tapyante']"
 ctp na,mbh12_13910.xml,Kalu,"['an', 'ftAt', 'Kalu', 'tamaH', 'prAduH', 'BUtam', 'tamaH', 'grastAH', 'a', 'Darmam', 'eva', 'anu', 'vartante', 'na', 'Darmam']"
 ctp na,mbh12_25959.xml,AsIt,"['na', 'sat', 'AsIt', 'na', 'a', 'sat', 'AsIt']"
prap[6],pt207.xml,sPurantIm,"['apAya', 'saM', 'darSana', 'jAm', 'vipattim', 'upAya', 'saM', 'darSana', 'jAm', 'ca', 'sidDim', 'meDAvinaH', 'nIti', 'guRa', 'pra', 'yuktAm', 'puraH', 'sPurantIm', 'iva', 'darSayanti']"
prap[6],pt192.xml,bruvan,"['jIva', 'iti', 'pra', 'bruvan', 'prA', 'uktaH', 'kfti', 'a', 'kftya', 'vicakzaRaH', 'karoti', 'nir', 'vikalpam', 'yaH', 'sa', 'Bavet', 'rAja', 'vallaBaH']"
adj_ctp2,pt1302.xml,rUQam,"['kim', 'ca', 'yudDam', 'aNgI', 'kftavantam', 'kadA', 'cit', 'dA', 'cit', 'garuqa', 'A', 'rUQam', 'mAm', 'paSyantaH', 'vAsudevam', 'matvA', 'SatravaH', 'pra', 'parA', 'ayate', 'uktam', 'ca']"
adj_ctp2,pt821.xml,kftAH,"['jambukaH', 'huqa', 'yudDena', 'vayam', 'ca', 'AzAQaBUtinA', 'dUtikA', 'para', 'kAryeRa', 'trayaH', 'dozAH', 'svayam', 'kftAH']"
vi1m,pt842.xml,vartate,"['kasmin', 'vyasane', 'vartate', 'svAmI', 'piNgalakaH']"
vi1m,pt1751.xml,vartate,"['tasya', 'ca', 'tatra', 'an', 'eka', 'kAlam', 'bahu', 'prakAram', 'krIqataH', 'samayaH', 'ati', 'vartate']"
vt10a,pt1047.xml,BakzayizyAmi,"['param', 'yadi', 'mama', 'atra', 'upa', 'vizwasya', 'na', 'ekEkaH', 'mfgaH', 'sam', 'A', 'ezyati', 'tat', 'nUnam', 'sarvAn', 'api', 'BakzayizyAmi', 'iti']"
vt10a,pt957.xml,gaRayanti,"['sTira', 'hfdaya', 'ni', 'hita', 'rAgAH', 'sujanatayA', 'sam', 'smarantaH', 'iha', 'sukftam', 'svam', 'jIvitam', 'api', 'santaH', 'na', 'gatam', 'gaRayanti', 'mitra', 'arTe']"
ctp_upapada,pt812.xml,BAk,"['A', 'yAti', 'sKalitEH', 'pAdEH', 'muKa', 'vEvarRya', 'saM', 'yutaH', 'lalAwa', 'sveda', 'BAk', 'BUri', 'gadgadam', 'BAzate', 'vacaH']"
ctp_upapada,pt1806.xml,dvirePAH,"['gallopa', 'ante', 'sucira', 'niBftam', 'vAri', 'vanya', 'dvipAnAm', 'ye', 'sevante', 'nava', 'maDu', 'rasa', 'A', 'svAda', 'lubDAH', 'dvirePAH', 'te', 'tat', 'karRa', 'vyajana', 'pavana', 'pra', 'INKitEH', 'kzipta', 'dehAH', 'BUmim', 'pra', 'AptAH', 'kamala', 'vivara', 'krIqitAni', 'smaranti']"
adj ctp prAdi,mbh12_13919.xml,suKaH,"['su', 'suKaH', 'pavanaH', 'svarge', 'ganDaH', 'ca', 'suraBiH', 'taTA']"
adj ctp prAdi,mbh12_26040.xml,hutaH,"['viSvarUpeRa', 'sarva', 'yajYezu', 'su', 'hutaH', 'somaH', 'pIyate']"
adj ca. pp.,mbh12_26056.xml,pAditam,"['tasmAt', 'anantaram', 'viSvarUpa', 'gAtra', 'maTana', 'samBavam', 'tvazwf', 'ut', 'pAditam', 'eva', 'arim', 'vftram', 'indraH', 'jaGAna']"
adj ca. pp.,mbh03_14443.xml,GAwitayA,"['pari', 'A', 'SvastaH', 'ca', 'rAjA', 'tayA', 'eva', 'saha', 'SibikayA', 'pra', 'ayAt', 'a', 'vi', 'GAwitayA']"
ca. ppa.,mbh12_26159.xml,darSitavantaH,"['tatra', 'tasya', 'anila', 'vyajana', 'kfta', 'paritozasya', 'sadyaH', 'vanaspatayaH', 'puzpa', 'SoBAm', 'na', 'darSitavantaH', 'iti', 'saH', 'etAn', 'SaSApa', 'na', 'sarva', 'kAlam', 'puzpavantaH', 'BavizyaTa', 'iti']"
adj ctp3,mbh12_26095.xml,ArtA,"['nazwam', 'hi', 'mAm', 'iyam', 'anu', 'izya', 'upa', 'agamat', 'duHKA', 'ArtA', 'iti']"
adj ctp3,mbh12_26157.xml,vahaH,"['tasya', 'tapaH', 'tapyamAnasya', 'sarva', 'ganDa', 'vahaH', 'SuciH', 'vAyuH', 'vi', 'vAyamAnaH', 'SarIram', 'aspfSat']"
vi1a,pt1969.xml,vasati,"['aTa', 'tatra', 'vane', 'vimalaH', 'nAma', 'siMhaH', 'prati', 'vasati', 'sma']"
vi1a,pt1643.xml,Bavati,"['mada', 'Srama', 'nidrA', 'parIta', 'kAyaH', 'yadA', 'nf', 'patiH', 'Bavati', 'tadA', 'niBftam', 'pAdayoH', 'tvayA', 'daMzwavyaH', 'etO', 'deSa', 'kAlO']"
pcl,pt1969.xml,aTa,"['aTa', 'tatra', 'vane', 'vimalaH', 'nAma', 'siMhaH', 'prati', 'vasati', 'sma']"
pcl,pt656.xml,api,"['yat', 'kAraRam', 'niHsaNgatA', 'yatInAm', 'pra', 'Sasyate', 'tava', 'mama', 'api', 'ca']"
vi4a,pt1311.xml,nASayizyanti,"['yAni', 'ca', 'BawwAraka', 'AyatanAni', 'tAni', 'nAstikAH', 'vi', 'nASayizyanti']"
vi4a,pt1236.xml,tAmyati,"['yAsyati', 'sat', 'jana', 'hastam', 'ramayizyati', 'tam', 'Bavet', 'ca', 'nirdozA', 'ut', 'mAdayitayA', 'kaviH', 'tAmyati', 'kaTayA', 'duhitrA', 'iva']"
vt3a,pt1184.xml,biBezi,"['kzatriyaH', 'asO', 'rAjA', 'tvam', 'ca', 'vESyaH', 'san', 'a', 'DarmAt', 'api', 'na', 'biBezi']"
vt3a,pt1322.xml,apUrayat,"['iti', 'ukte', 'kfta', 'maNgala', 'viDiH', 'sAMgrAmika', 'alam', 'karaRa', 'vi', 'BUzitaH', 'gorocana', 'asita', 'sidDa', 'arTaka', 'kusuma', 'Adi', 'kfta', 'vandanaH', 'aBi', 'udite', 'Bagavati', 'kamalA', 'kara', 'bAnDave', 'prAcI', 'dik', 'vaDU', 'muKa', 'tilake', 'sahasra', 'kiraRe', 'vEjayikezu', 'saNgrAma', 'tUryezu', 'A', 'hatezu', 'nagarAt', 'niH', 'gatya', 'saNgrAma', 'BUmim', 'pra', 'Apte', 'rAjani', 'yaTA', 'sTAnam', 'uBaya', 'balezu', 'vi', 'Uhitezu', 'vftte', 'ca', 'pAda', 'Ata', 'sam', 'prahAre', 'kOlikaH', 'garuqam', 'A', 'ruhya', 'vi', 'tIrRa', 'suvarRa', 'ratna', 'Adi', 'dAna', 'viDiH', 'Davala', 'gfhAt', 'ut', 'patya', 'vihAyas', 'talam', 'kutUhala', 'A', 'vizwEH', 'nagara', 'janEH', 'niH', 'IkzyamARaH', 'aBi', 'vandyamAnaH', 'ca', 'nagarAt', 'bahiH', 'sva', 'sEnyasya', 'upari', 'prOQa', 'nAdam', 'pAYcajanyam', 'SaNKam', 'apUrayat']"
 ctp7,mbh12_26092.xml,adarSayat,"['tatra', 'indram', 'bisa', 'granTi', 'gatam', 'adarSayat']"
 ctp7,mbh12_13970.xml,tapaH,"['a', 'hiMsA', 'satyam', 'a', 'kroDaH', 'sarva', 'ASrama', 'gatam', 'tapaH']"
bv,mbh12_26034.xml,indrAH,"['aTa', 'tAH', 'viSvarUpaH', 'abravIt', 'adya', 'eva', 'sa', 'indrAH', 'devAH', 'na', 'Bavizyanti', 'iti']"
bv,mbh12_26003.xml,puraMdarasya,"['aSvinoH', 'graha', 'pratizeDa', 'ud', 'yata', 'vajrasya', 'puraMdarasya', 'cyavanena', 'stamBitaH', 'bAhuH']"
noun_ctp_na,pt633.xml,kAmI,"['niHspfhaH', 'na', 'aDikArI', 'syAt', 'na', 'a', 'kAmI', 'maRqana', 'priyaH', 'na', 'a', 'vi', 'dagDaH', 'priyam', 'brUyAt', 'sPuwa', 'vaktA', 'na', 'vaYcakaH']"
noun_ctp_na,pt977.xml,na,"['varam', 'vi', 'hAraH', 'saha', 'pannagEH', 'kftaH', 'SaWa', 'AtmaBiH', 'vA', 'ripuBiH', 'saha', 'uzitam', 'a', 'Darma', 'yuktEH', 'capalEH', 'a', 'paRqitEH', 'na', 'pApa', 'mitrEH', 'saha', 'vartitum', 'kzamam']"
prpp,pt1972.xml,manyamAnaH,"['raTakAraH', 'api', 'tam', 'ati', 'BayAnakam', 'siMham', 'dfzwvA', 'gatAsum', 'iva', 'AtmAnam', 'manyamAnaH', 'pratyutpanna', 'mati', 'tayA', 'vA', 'balavat', 'upa', 'sarpaRam', 'eva', 'SreyaH', 'iti', 'tat', 'aBimuKam', 'gatvA', 'pra', 'namya', 'pra', 'uvAca']"
prpp,pt1253.xml,manyamAnaH,"['tataH', 'suDA', 'plAvitam', 'iva', 'AtmAnam', 'manyamAnaH', 'devIm', 'uvAca']"
adj ctp7,mbh12_13978.xml,pAzARa,"['tyakta', 'grAmya', 'vastra', 'AhAra', 'upaBogAH', 'vanya', 'OzaDi', 'mUla', 'Pala', 'parRa', 'pari', 'mita', 'vicitra', 'ni', 'yata', 'AhArAH', 'sTAna', 'AsaninaH', 'BUmi', 'pAzARa', 'sikatA', 'SarkarA', 'vAlukA', 'Basma', 'SAyinaH', 'kASa', 'kuSa', 'carma', 'valkala', 'saM', 'vfta', 'aNgAH', 'keSa', 'SmaSru', 'naKa', 'roma', 'DAriRaH', 'niyata', 'kAla', 'upasparSanAH', 'askanna', 'homa', 'bali', 'kAla', 'anu', 'zWAyinaH', 'samitkuSa', 'kusuma', 'upahAra', 'homa', 'arjana', 'labDa', 'viSrAmAH', 'SItA', 'uzRa', 'pavana', 'niH', 'tapta', 'vi', 'Binna', 'sarva', 'tvacaH', 'viviDa', 'niyama', 'yoga', 'carya', 'avihita', 'Darma', 'anu', 'zWAna', 'hfta', 'mAMsa', 'SoRitAH', 'tvak', 'asTi', 'BUtAH', 'Dfti', 'parAH', 'sattva', 'yogAt', 'SarIrARi', 'ud', 'vahanti']"
ppf. ac.,mbh03_14483.xml,vidvan,"['na', 'arhasi', 'vidvan', 'mAm', 'upa', 'rodDum', 'iti']"
ppf. ac.,mbh12_25986.xml,vidvAn,"['agnO', 'sam', 'idDe', 'sa', 'juhoti', 'yaH', 'vidvAn', 'brAhmaRa', 'muKe', 'dAna', 'Ahutim', 'juhoti']"
prap[2],pt1389.xml,bruvan,"['a', 'priyARi', 'api', 'kurvARaH', 'nizWurARi', 'ca', 'bruvan', 'cetaH', 'pra', 'hlAdayati', 'eva', 'sarva', 'avasTAsu', 'vallaBaH']"
prap[2],pt917.xml,sati,"['Badra', 'kim', 'evam', 'sati', 'pra', 'Apta', 'kAlam', 'manyase']"
pap_cau,pt782.xml,tozitavAn,"['tataH', 'sa', 'vismaya', 'manAH', 'tAm', 'ut', 'mucya', 'banDanAt', 'cAwu', 'SatEH', 'pari', 'tozitavAn']"
pap_cau,pt1784.xml,dApitavAn,"['aTa', 'sArTa', 'patiH', 'pratyUza', 'kAle', 'ut', 'sTAya', 'prayARa', 'SaNKam', 'dApitavAn']"
noun_pn_ctp_upapada,pt1155.xml,manasijena,"['tAm', 'ca', 'a', 'pratirUpa', 'rUpAm', 'ni', 'rUpayan', 'kOlikaH', 'paYcaBiH', 'bAREH', 'manasi', 'manasijena', 'samantAt', 'tAqitaH', 'kaTam', 'kaTam', 'api', 'DErya', 'ava', 'zwamBAt', 'AkAra', 'saMvaraRam', 'kftvA', 'gfham', 'sam', 'pra', 'AptaH', 'sarvAH', 'diSaH', 'rAja', 'duhitf', 'mayIH', 'apaSyat']"
noun_pn_ctp_upapada,pt1614.xml,militaH,"['tat', 'sparSa', 'A', 'kfzwa', 'manAH', 'itaH', 'ca', 'itaH', 'ca', 'pari', 'Braman', 'kaTam', 'api', 'dEva', 'vaSAt', 'manda', 'visarpiRyA', 'militaH', 'tayA', 'ca', 'aBi', 'hitaH']"
prmp[8],pt1389.xml,kurvARaH,"['a', 'priyARi', 'api', 'kurvARaH', 'nizWurARi', 'ca', 'bruvan', 'cetaH', 'pra', 'hlAdayati', 'eva', 'sarva', 'avasTAsu', 'vallaBaH']"
prmp[8],pt1323.xml,kurvARAH,"['SrutvA', 'ca', 'SaNKa', 'Sabdam', 'gaja', 'tura', 'ga', 'raTa', 'padAtayaH', 'kzuBitAH', 'sakft', 'mUtram', 'a', 'sakft', 'kurvARAH', 'ke', 'cit', 'virasam', 'A', 'rasantaH', 'pra', 'palAyitAH', 'ke', 'cit', 'mUrCA', 'vihvala', 'tanavaH', 'BUmO', 'luWitAH', 'ke', 'cit', 'ca', 'BItAH', 'gagana', 'tala', 'ni', 'hita', 'stabDa', 'dfzwayaH', 'sTitAH']"
adj_int,pt1770.xml,cit,"['tizWan', 'aham', 'iha', 'AvAse', 'vfdDI', 'BUtaH', 'na', 'ca', 'anyAm', 'aham', 'kAm', 'cit', 'api', 'diSam', 'jAnAmi']"
adj_int,pt926.xml,kaH,"['BakzayitvA', 'bahUn', 'matsyAn', 'uttama', 'aDama', 'maDyamAn', 'atilOlyAt', 'bakaH', 'kaH', 'cit', 'mftaH', 'karkawaka', 'grahAt']"
ppf actn,mbh03_14645.xml,vijYApyAm,"['tataH', 'sa', 'bakaH', 'tam', 'akUpAram', 'kacCapam', 'vijYApyAm', 'Asa']"
ppf actn,mbh12_26093.xml,cintayAm,"['tAm', 'indraH', 'patnIm', 'kfSAm', 'glAnAm', 'ca', 'dfzwvA', 'cintayAm', 'baBUva']"
adj ctp6,mbh12_26118.xml,meDam,"['tataH', 'sa', 'varadaH', 'tAn', 'abravIt', 'aSva', 'meDam', 'yajYam', 'vEzRavam', 'SakraH', 'aBi', 'yajatu']"
adj ctp6,mbh12_26015.xml,mAtaram,"['aTa', 'hiraRyakaSipum', 'puraH', 'kftya', 'viSvarUpa', 'mAtaram', 'svasAram', 'asurAH', 'varam', 'ayAcanta']"
pap_caus,pt1264.xml,kopitaH,"['tEH', 'ca', 'sva', 'vizayam', 'yam', 'anu', 'pra', 'AptEH', 'Sata', 'sahasra', 'guRam', 'tat', 'kaTayitvA', 'kopitaH', 'sva', 'svAmI']"
pap_caus,pt1050.xml,jYApitaH,"['sa', 'ca', 'sarvEH', 'mfga', 'gaREH', 'A', 'jYApitaH', 'iti', 'cintayAm', 'Asa']"
vi5a,pt905.xml,SaknumaH,"['tat', 'na', 'SaknumaH', 'pari', 'tyaktum']"
abb,mbh12_25988.xml,prARAn,"['agniH', 'vizRuH', 'sarva', 'BUtAni', 'anu', 'pra', 'viSya', 'prARAn', 'DArayati']"
adj_ctp5,pt1217.xml,BrazwA,"['SApa', 'BrazwA', 'tvam', 'mama', 'eva', 'pUrva', 'patnI']"
adj_ctp5,pt948.xml,BItEH,"['tat', 'ca', 'duzwa', 'BAzitam', 'SrutvA', 'sarvEH', 'tEH', 'jala', 'carEH', 'prARa', 'BItEH', 'vi', 'jYaptaH', 'bakaH', 'yaTA']"
gerundive,pt1643.xml,daMzwavyaH,"['mada', 'Srama', 'nidrA', 'parIta', 'kAyaH', 'yadA', 'nf', 'patiH', 'Bavati', 'tadA', 'niBftam', 'pAdayoH', 'tvayA', 'daMzwavyaH', 'etO', 'deSa', 'kAlO']"
gerundive,pt1889.xml,rakzaRIyaH,"['yasmin', 'kule', 'yaH', 'puruzaH', 'praDAnaH', 'sadA', 'eva', 'yatnena', 'sa', 'rakzaRIyaH', 'tasmin', 'vinazwe', 'hi', 'kulam', 'vinazwam', 'na', 'nABi', 'BaNge', 'hi', 'arakAH', 'vahanti']"
noun,pt1140.xml,viniScaye,"['kfte', 'viniScaye', 'puMsAm', 'devAH', 'yAnti', 'sahAyatAm', 'vizRuH', 'cakram', 'garutmAn', 'ca', 'kOlikasya', 'yaTA', 'Ahave']"
noun,pt1973.xml,saKe,"['A', 'ihi', 'A', 'ihi', 'saKe']"
noun_ctp_prAdi,pt926.xml,atilOlyAt,"['BakzayitvA', 'bahUn', 'matsyAn', 'uttama', 'aDama', 'maDyamAn', 'atilOlyAt', 'bakaH', 'kaH', 'cit', 'mftaH', 'karkawaka', 'grahAt']"
noun_ctp_prAdi,pt1763.xml,sumitra,"['he', 'sumitra', 'yaTezwam', 'uzyatAm', 'asmin', 'mahA', 'sarasi', 'suKa', 'sevye', 'atra', 'vane', 'mayA', 'samam']"
adj ppr. ps.,mbh12_26165.xml,maDuram,"['etat', 'ca', 'te', 'toyam', 'vaqavAmuKa', 'saYjYitena', 'pIyamAnam', 'maDuram', 'Bavizyati']"
adj ppr. ps.,mbh12_26007.xml,pIqyamAnaH,"['tEH', 'asya', 'BujagEH', 'pIqyamAnaH', 'kaRWaH', 'nilatAm', 'upa', 'nItaH']"
ctp prAdi,mbh12_26120.xml,suBage,"['tataH', 'devAH', 'fzayaH', 'ca', 'indram', 'na', 'apaSyan', 'yadA', 'tadA', 'SacIm', 'UcuH', 'gacCa', 'suBage', 'indram', 'Anayasva', 'iti']"
ctp prAdi,mbh12_13929.xml,taptasya,"['tapasaH', 'ca', 'su', 'taptasya', 'sva', 'aDyAyasya', 'hutasya', 'ca']"
adj ctp upapada,mbh03_14478.xml,vAdinam,"['tam', 'evam', 'vAdinam', 'izwa', 'jana', 'Soka', 'pari', 'ita', 'AtmA', 'rAjA', 'pra', 'uvAca']"
adj ctp upapada,mbh03_14468.xml,DArI,"['tataH', 'maRqUka', 'rAw', 'tApasa', 'veza', 'DArI', 'rAjAnam', 'aBi', 'agacCat']"
ppr. [10] ac.,mbh03_14599.xml,mfgayantI,"['brAhmaReByaH', 'mfgayantI', 'sUnftAni', 'taTA', 'brahman', 'puRya', 'lokam', 'laBeyam']"
adj cds,mbh03_14418.xml,tfzRA,"['aTa', 'aDvani', 'jAta', 'SramaH', 'kzut', 'tfzRA', 'aBi', 'BUtaH', 'ca', 'kasmin', 'cit', 'uddeSe', 'nIlam', 'vana', 'zaRqam', 'apaSyat']"
noun_action_ppf_caus,pt1267.xml,DvaMsayAm,"['tataH', 'anavarata', 'prayARakEH', 'vikrama', 'senaH', 'tat', 'deSam', 'anu', 'pra', 'Apya', 'vi', 'DvaMsayAm', 'Asa']"
ppp_desid,pt374.xml,cikIrzitam,"['tat', 'yAvat', 'asya', 'cikIrzitam', 'vettum', 'sTAna', 'antaram', 'gatvA', 'prati', 'pAlayAmi']"
ppp_desid,pt96.xml,Ipsita,"['sadA', 'manda', 'mada', 'syandi', 'mAtaNga', 'piSita', 'aSanaH', 'a', 'sam', 'panna', 'Ipsita', 'AhAraH', 'tfRAni', 'atti', 'na', 'kesarI']"
noun ctp prAdi,pt658.xml,mantrAt,"['dur', 'mantrAt', 'nf', 'patiH', 'vi', 'naSyati', 'yatiH', 'saNgAt', 'sutaH', 'lAlanAt', 'vipraH', 'an', 'aDyayanAt', 'kulam', 'ku', 'tanayAt', 'SIlam', 'Kala', 'upAsanAt', 'mEtrI', 'ca', 'a', 'praRayAt', 'samfdDiH', 'a', 'nayAt', 'snehaH', 'pravAsa', 'ASrayAt', 'strI', 'madyAt', 'an', 'ava', 'IkzaRAt', 'api', 'kfziH', 'tyAgAt', 'pramAdAt', 'Danam']"
vt1a 6am,pt893.xml,muYcanti,"['trayaH', 'sTAnam', 'na', 'muYcanti', 'kAkAH', 'kA', 'puruzAH', 'mfgAH', 'apamAne', 'trayaH', 'yAnti', 'siMhAH', 'sat', 'puruzAH', 'gajAH']"
adj ppr. [1] ac.,mbh12_26128.xml,vizRunA,"['AkASa', 'gaNgA', 'gataH', 'ca', 'purA', 'BaradvAjaH', 'mahA', 'fziH', 'upa', 'aspfSan', 'trIn', 'kramAn', 'kramatA', 'vizRunA', 'aBi', 'A', 'sAditaH']"
adj ppr. [1] ac.,mbh03_14417.xml,sarantam,"['tam', 'eka', 'aSvena', 'mfgam', 'anu', 'sarantam', 'mfgaH', 'dUram', 'apa', 'aharat']"
 cd,mbh12_13978.xml,sTAna,"['tyakta', 'grAmya', 'vastra', 'AhAra', 'upaBogAH', 'vanya', 'OzaDi', 'mUla', 'Pala', 'parRa', 'pari', 'mita', 'vicitra', 'ni', 'yata', 'AhArAH', 'sTAna', 'AsaninaH', 'BUmi', 'pAzARa', 'sikatA', 'SarkarA', 'vAlukA', 'Basma', 'SAyinaH', 'kASa', 'kuSa', 'carma', 'valkala', 'saM', 'vfta', 'aNgAH', 'keSa', 'SmaSru', 'naKa', 'roma', 'DAriRaH', 'niyata', 'kAla', 'upasparSanAH', 'askanna', 'homa', 'bali', 'kAla', 'anu', 'zWAyinaH', 'samitkuSa', 'kusuma', 'upahAra', 'homa', 'arjana', 'labDa', 'viSrAmAH', 'SItA', 'uzRa', 'pavana', 'niH', 'tapta', 'vi', 'Binna', 'sarva', 'tvacaH', 'viviDa', 'niyama', 'yoga', 'carya', 'avihita', 'Darma', 'anu', 'zWAna', 'hfta', 'mAMsa', 'SoRitAH', 'tvak', 'asTi', 'BUtAH', 'Dfti', 'parAH', 'sattva', 'yogAt', 'SarIrARi', 'ud', 'vahanti']"
gerundive_anIya_cau,pt1565.xml,vAraRIyaH,"['sva', 'janaH', 'aTa', 'suhft', 'guruH', 'nfpaH', 'vA', 'puruzeRa', 'utpaTagaH', 'ni', 'vAraRIyaH', 'vini', 'vartayitum', 'sa', 'cet', 'na', 'SakyaH', 'parataH', 'tasya', 'manas', 'anugam', 'vi', 'Deyam']"
gerundive_anIya_cau,pt208.xml,varDanIyaH,"['kalpayati', 'yena', 'vfttim', 'sadasi', 'ca', 'sadBiH', 'pra', 'Sasyate', 'yena', 'sa', 'guRaH', 'tena', 'guRavatA', 'vi', 'varDanIyaH', 'ca', 'rakzyaH', 'ca']"
adv_other,pt584.xml,aham,"['araRya', 'DarmAt', 'vi', 'yojya', 'grAma', 'Darmezu', 'ni', 'yojitaH', 'kim', 'bahunA', 'prati', 'aham', 'saYjIvaka', 'piNgalakO', 'kevalam', 'rahasyam', 'miTaH', 'mantrayete']"
 adv cab,mbh03_14500.xml,agacCat,"['sa', 'ca', 'maRqUka', 'rAjaH', 'jAmAtaram', 'anu', 'jYApya', 'yaTA', 'A', 'gatam', 'agacCat']"
des ppr. [1] md.,mbh12_25962.xml,sisfkzamARaH,"['tasya', 'idAnIm', 'tamaH', 'samBavasya', 'puruzasya', 'padma', 'yoneH', 'brahmaRaH', 'prAduH', 'BAve', 'sa', 'puruzaH', 'prajAH', 'sisfkzamARaH', 'netrAByAm', 'agnIzomO', 'sasarja']"
prap[10],pt385.xml,cintayan,"['evam', 'cintayan', 'piNgalaka', 'aBimuKaH', 'pra', 'tasTe']"
prap[10],pt794.xml,cintayataH,"['evam', 'tasya', 'parivrAjakasya', 'cintayataH', 'niSA', 'mahatA', 'kfcCreRa', 'ati', 'cakrAma']"
agent noun,pt68.xml,voQArO,"['tasya', 'ca', 'dvO', 'maNgala', 'vfzaBO', 'DUH', 'voQArO', 'nandaka', 'saYjIvaka', 'nAmAnO', 'pARqura', 'aBra', 'sam', 'ni', 'kASO', 'suvarRa', 'kiNkiRI', 'pari', 'vfta', 'uraskO', 'tizWataH']"
abs c,mbh03_14450.xml,kArayitvA,"['aTa', 'amAtyaH', 'an', 'udakam', 'vanam', 'kArayitvA', 'udAra', 'vfkzam', 'bahu', 'mUla', 'puzpa', 'Palam', 'rahasi', 'upa', 'gamya', 'rAjAnam', 'abravIt']"
noun_ctp_gati,pt52.xml,visaNkawa,"['dAkziRAtyezu', 'jana', 'padezu', 'purandarapurasya', 'fdDi', 'sarva', 'guRa', 'sam', 'pannam', 'pfTivyAH', 'cUqA', 'maRi', 'ratna', 'BUtam', 'kElAsa', 'SiKara', 'Akfti', 'viviDa', 'yantra', 'praharaRa', 'AcaraRa', 'pari', 'pUrRa', 'go', 'pura', 'awwAlakam', 'visaNkawa', 'utkawa', 'dfQa', 'pariGa', 'kapAwa', 'toraRa', 'argala', 'upagata', 'indra', 'kIla', 'vipula', 'dvAram', 'su', 'vi', 'hita', 'SfNgAwaka', 'catuzpaTa', 'prati', 'sTita', 'an', 'eka', 'devatA', 'Ayatanam', 'pariKA', 'pari', 'karita', 'ut', 'Srita', 'hima', 'giri', 'sadfSa', 'AkAra', 'prAkAra', 'valaya', 'pari', 'vezwitam', 'mahilA', 'ropyam', 'nAma', 'nagaram']"
noun_ctp_gati,pt840.xml,yatnataH,"['vyasanam', 'hi', 'mahA', 'rAjYaH', 'mohAt', 'sam', 'prati', 'padyate', 'viDinA', 'SAstra', 'dfzwena', 'mftyuH', 'vAryaH', 'pra', 'yatnataH']"
noun_pn_ctp6,pt703.xml,patiH,"['svAgatena', 'agnayaH', 'prItAH', 'Asanena', 'Sata', 'kratuH', 'pAda', 'SOcena', 'govindaH', 'anna', 'Adyena', 'prajA', 'patiH']"
noun_pn_ctp6,pt674.xml,ISvaraH,"['AzAQaBUte', 'yAvat', 'aham', 'purIza', 'utsargam', 'kftvA', 'sam', 'A', 'gacCAmi', 'tAvat', 'ezA', 'kanTA', 'yoga', 'ISvaraH', 'ca', 'sAvaDAnena', 'rakzaRIyaH']"
vt6m 1m,pt907.xml,muYcati,"['kva', 'gataH', 'mfgaH', 'na', 'jIvati', 'pATaH', 'culukena', 'GAsa', 'muzwyA', 'vA', 'muYcati', 'cira', 'uzitatvAt', 'janma', 'vanam', 'na', 'apamAne', 'api']"
adj ctp4,mbh12_13967.xml,giraH,"['vatsalAH', 'sarva', 'BUtAnAm', 'vAcyAH', 'Srotra', 'suKAH', 'giraH']"
adj ctp4,mbh12_13982.xml,vAk,"['vi', 'mucya', 'agni', 'Dana', 'kalatra', 'paribarha', 'saNgAn', 'AtmanaH', 'sneha', 'pASAn', 'ava', 'DUya', 'pari', 'vrajanti', 'sama', 'lozwa', 'aSma', 'kAYcanAH', 'tri', 'varga', 'pra', 'vfttezu', 'AramBezu', 'a', 'sakta', 'budDayaH', 'ari', 'mitra', 'ud', 'AsInezu', 'tulya', 'vfttayaH', 'sTAvara', 'jara', 'Ayuja', 'aRqaja', 'svedaja', 'ud', 'BijjAnAm', 'BUtAnAm', 'vAk', 'manaH', 'karmaBiH', 'an', 'aBi', 'drohiRaH', 'a', 'niketAH', 'parvata', 'pulina', 'vfkza', 'mUla', 'devata', 'yatanAni', 'anu', 'carantaH', 'vAsa', 'ArTam', 'upa', 'IyuH', 'nagaram', 'grAmam', 'vA', 'nagare', 'paYca', 'rAtrikAH', 'grAma', 'eka', 'rAtrikAH']"
adverb,mbh12_26014.xml,pratyakzam,"['sa', 'pratyakzam', 'deveByaH', 'BAgam', 'adadat', 'parokzam', 'asureByaH']"
adverb,mbh03_14506.xml,SIGram,"['SIGram', 'mAm', 'vahasva', 'iti']"
prap[4],pt1692.xml,tat,"['adya', 'yadi', 'SfNga', 'agra', 'praharaRa', 'aBi', 'yukta', 'cittaH', 'sa', 'cakitaH', 'ca', 'upa', 'Slizyati', 'tat', 'deva', 'pAdEH', 'ava', 'gantavyam', 'duzwa', 'budDiH', 'iti']"
prap[4],pt1302.xml,paSyantaH,"['kim', 'ca', 'yudDam', 'aNgI', 'kftavantam', 'kadA', 'cit', 'dA', 'cit', 'garuqa', 'A', 'rUQam', 'mAm', 'paSyantaH', 'vAsudevam', 'matvA', 'SatravaH', 'pra', 'parA', 'ayate', 'uktam', 'ca']"
ppf. md.,mbh03_14441.xml,AsIne,"['tatra', 'eva', 'AsIne', 'rAjani', 'senA', 'anu', 'agacCat']"
root,pt11.xml,ucyate,"['aTa', 'vA', 'sADU', 'idam', 'ucyate']"
root,pt220.xml,nayet,"['yasya', 'yasya', 'hi', 'yaH', 'BAvaH', 'tasya', 'tasya', 'hi', 'tam', 'naraH', 'anupra', 'viSya', 'meDAvI', 'kzipram', 'Atma', 'vaSam', 'nayet']"
adv_pron,pt608.xml,yaTA,"['a', 'SfRvan', 'api', 'bodDavyaH', 'mantriBiH', 'pfTivI', 'patiH', 'yaTA', 'sva', 'doza', 'nASAya', 'vidureRa', 'ambikA', 'sutaH']"
adv_pron,pt1765.xml,anyadA,"['aTa', 'anyadA', 'ulUkaH', 'Aha']"
ctp3,mbh12_26165.xml,pIyamAnam,"['etat', 'ca', 'te', 'toyam', 'vaqavAmuKa', 'saYjYitena', 'pIyamAnam', 'maDuram', 'Bavizyati']"
ctp3,mbh12_26166.xml,anu,"['tat', 'etat', 'adya', 'api', 'vaqavAmuKa', 'saYjYitena', 'anu', 'vartinA', 'toyam', 'sAmudram', 'pIyate']"
ppr. [6] ac.,mbh12_26009.xml,na,"['a', 'mfta', 'utpAdane', 'puraScaraRatAm', 'upa', 'gatasya', 'aNgirasaH', 'bfhaspateH', 'upa', 'spfSataH', 'na', 'prasAdam', 'gatavatyaH', 'kila', 'apaH']"
ppr. [6] ac.,mbh03_14572.xml,bruvan,"['evam', 'bruvan', 'eva', 'sa', 'yAtu', 'DAnEH', 'hataH', 'jagAma', 'ASu', 'mahIm', 'kziti', 'ISaH']"
pp. ctp prAdi,mbh12_13914.xml,SIta,"['caRqa', 'vAta', 'ati', 'uzRa', 'ati', 'SIta', 'kftEH', 'ca', 'prati', 'BayEH', 'SArIrEH', 'duHKEH', 'upa', 'tapyante']"
ppf_actn,pt530.xml,cintayAm,"['tat', 'SrutvA', 'dantilakaH', 'cintayAm', 'Asa']"
ppf_actn,pt666.xml,cintayAm,"['aTa', 'evam', 'gacCati', 'kAle', 'AzAQaBUtiH', 'cintayAm', 'Asa']"
adj_ctp7,pt1663.xml,kowiBiH,"['tataH', 'nagara', 'AvAsiBiH', 'sArameyEH', 'tIkzRa', 'daSana', 'kowiBiH', 'vi', 'lupyamAna', 'avayavaH', 'BayaNkara', 'a', 'rava', 'trasta', 'hfdayaH', 'itaH', 'tataH', 'pra', 'sKalan', 'palAyamAnaH', 'kim', 'api', 'Silpi', 'gfham', 'anu', 'pra', 'vizwaH']"
adj_ctp7,pt1208.xml,sTitA,"['evam', 'aBi', 'DAya', 'gate', 'raTa', 'kAre', 'manaH', 'raTa', 'SatEH', 'divasa', 'Sezam', 'ati', 'vAhya', 'pra', 'sannAyAm', 'rajanyAm', 'snAna', 'DUpa', 'cUrRa', 'vilepana', 'tAmbUla', 'muKa', 'vAsa', 'vAsa', 'vAsa', 'kusuma', 'AdiBiH', 'ati', 'suraBi', 'vicitra', 'mAlya', 'ambaraH', 'mukuwa', 'Adi', 'ABaraRa', 'alaNkftaH', 'kOlikaH', 'taTEva', 'anu', 'sTitavAn', 'yAvat', 'asO', 'rAja', 'kanyA', 'suDA', 'aMSu', 'kara', 'adAte', 'harmya', 'tale', 'Sayana', 'tala', 'ava', 'sTitA', 'ekAkinI', 'candramasam', 'ava', 'lokayantI', 'manAg', 'madanena', 'spfSyamAna', 'sahasA', 'eva', 'tam', 'vEnateya', 'aDi', 'rUQam', 'nArAyaRa', 'AkAram', 'kOlikam', 'ava', 'lokitavatI']"
vt4am,pt1592.xml,pAdayizyati,"['taTApi', 'asO', 'yadi', 'svayam', 'an', 'arTam', 'na', 'karizyati', 'tataH', 'anyasmAt', 'ut', 'pAdayizyati']"
prap[8],pt551.xml,kurvataH,"['deva', 'dyUta', 'AsaktatayA', 'rAtri', 'jAgaraRena', 'mama', 'sam', 'mArjanam', 'kurvataH', 'api', 'balAt', 'nidrA', 'sam', 'upa', 'A', 'gatA']"
prap[8],pt555.xml,kurvatA,"['mayA', 'tAvat', 'A', 'janmataH', 'api', 'evaM', 'viDam', 'karma', 'kurvatA', 'cirBiwikA', 'na', 'BakzitA']"
pcl_disj,pt1396.xml,vA,"['pUjyaH', 'banDuH', 'api', 'priyaH', 'api', 'tanayaH', 'BrAtA', 'vayasyaH', 'api', 'vA', 'yaH', 'mohAt', 'an', 'avadya', 'kArya', 'vimuKaH', 'heyaH', 'sa', 'kArya', 'arTinA', 'loke', 'hi', 'praTitAH', 'nanu', 'SrutiH', 'iyam', 'na', 'arTaH', 'api', 'gAyanti', 'yAm', 'kim', 'kAryam', 'kanakena', 'tena', 'Bavati', 'CedAya', 'karRasya', 'yat']"
pcl_disj,pt1565.xml,vA,"['sva', 'janaH', 'aTa', 'suhft', 'guruH', 'nfpaH', 'vA', 'puruzeRa', 'utpaTagaH', 'ni', 'vAraRIyaH', 'vini', 'vartayitum', 'sa', 'cet', 'na', 'SakyaH', 'parataH', 'tasya', 'manas', 'anugam', 'vi', 'Deyam']"
ctp_prAdi,pt893.xml,puruzAH,"['trayaH', 'sTAnam', 'na', 'muYcanti', 'kAkAH', 'kA', 'puruzAH', 'mfgAH', 'apamAne', 'trayaH', 'yAnti', 'siMhAH', 'sat', 'puruzAH', 'gajAH']"
ctp_prAdi,pt1293.xml,pakzam,"['avaSyam', 'prAtaH', 'vi', 'A', 'pAdayizyati', 'prati', 'pakzam']"
1st pron,pt656.xml,mama,"['yat', 'kAraRam', 'niHsaNgatA', 'yatInAm', 'pra', 'Sasyate', 'tava', 'mama', 'api', 'ca']"
1st pron,pt1867.xml,aham,"['tat', 'tizWantu', 'BavantaH', 'atra', 'eva', 'yAvat', 'aham', 'gfham', 'gatvA', 'svAmi', 'vacanam', 'A', 'nayAmi']"
adj_dem,pt1643.xml,etO,"['mada', 'Srama', 'nidrA', 'parIta', 'kAyaH', 'yadA', 'nf', 'patiH', 'Bavati', 'tadA', 'niBftam', 'pAdayoH', 'tvayA', 'daMzwavyaH', 'etO', 'deSa', 'kAlO']"
adj_dem,pt1004.xml,sA,"['aTa', 'sA', 'vAyasI', 'kanaka', 'sUtram', 'ekam', 'A', 'dAya', 'sva', 'vfzA', 'aBimuKI', 'pra', 'tasTe']"
num,pt1095.xml,Satam,"['Satam', 'ekaH', 'api', 'sam', 'Datte', 'prAkAra', 'sTaH', 'DanuH', 'DaraH', 'tasmAt', 'durgam', 'pra', 'SaMsanti', 'nIti', 'SAstra', 'vicakzaRAH']"
pn,mbh12_26165.xml,vaqavAmuKa,"['etat', 'ca', 'te', 'toyam', 'vaqavAmuKa', 'saYjYitena', 'pIyamAnam', 'maDuram', 'Bavizyati']"
pn,mbh12_26044.xml,brahma,"['tAn', 'brahma', 'uvAca', 'fziH', 'BArgavaH', 'tapaH', 'tapyate', 'daDIcaH']"
vt5am,pt1656.xml,mUrKaH,"['tyaktAH', 'ca', 'aByantarAH', 'yena', 'bAhyAH', 'ca', 'aByantarI', 'kftAH', 'saH', 'eva', 'mftyum', 'Apnoti', 'mUrKaH', 'caRqa', 'ravaH', 'yaTA']"
pron_p2,pt656.xml,tava,"['yat', 'kAraRam', 'niHsaNgatA', 'yatInAm', 'pra', 'Sasyate', 'tava', 'mama', 'api', 'ca']"
pron_p2,pt1643.xml,tvayA,"['mada', 'Srama', 'nidrA', 'parIta', 'kAyaH', 'yadA', 'nf', 'patiH', 'Bavati', 'tadA', 'niBftam', 'pAdayoH', 'tvayA', 'daMzwavyaH', 'etO', 'deSa', 'kAlO']"
ctp na,mbh12_13910.xml,anu,"['an', 'ftAt', 'Kalu', 'tamaH', 'prAduH', 'BUtam', 'tamaH', 'grastAH', 'a', 'Darmam', 'eva', 'anu', 'vartante', 'na', 'Darmam']"
ctp na,mbh03_14601.xml,apratimam,"['tvayA', 'trAtam', 'rAja', 'kulam', 'SuBa', 'IkzaRe', 'varam', 'vfRIzva', 'apratimam', 'dadAni', 'te']"
adv cab,mbh12_26029.xml,yaTAgatam,"['saktam', 'ca', 'enam', 'jYAtvA', 'apsarasaH', 'UcuH', 'gacCAmahe', 'vayam', 'yaTAgatam', 'iti']"
adv cab,mbh03_14659.xml,yaTAucitam,"['yaTAucitam', 'sTAnam', 'aBi', 'padyasva']"
adj cpt na,mbh03_14451.xml,udakam,"['vanam', 'idam', 'udAram', 'an', 'udakam']"
adj cd,mbh03_14450.xml,Palam,"['aTa', 'amAtyaH', 'an', 'udakam', 'vanam', 'kArayitvA', 'udAra', 'vfkzam', 'bahu', 'mUla', 'puzpa', 'Palam', 'rahasi', 'upa', 'gamya', 'rAjAnam', 'abravIt']"
pp. ctp na,mbh12_13982.xml,budDayaH,"['vi', 'mucya', 'agni', 'Dana', 'kalatra', 'paribarha', 'saNgAn', 'AtmanaH', 'sneha', 'pASAn', 'ava', 'DUya', 'pari', 'vrajanti', 'sama', 'lozwa', 'aSma', 'kAYcanAH', 'tri', 'varga', 'pra', 'vfttezu', 'AramBezu', 'a', 'sakta', 'budDayaH', 'ari', 'mitra', 'ud', 'AsInezu', 'tulya', 'vfttayaH', 'sTAvara', 'jara', 'Ayuja', 'aRqaja', 'svedaja', 'ud', 'BijjAnAm', 'BUtAnAm', 'vAk', 'manaH', 'karmaBiH', 'an', 'aBi', 'drohiRaH', 'a', 'niketAH', 'parvata', 'pulina', 'vfkza', 'mUla', 'devata', 'yatanAni', 'anu', 'carantaH', 'vAsa', 'ArTam', 'upa', 'IyuH', 'nagaram', 'grAmam', 'vA', 'nagare', 'paYca', 'rAtrikAH', 'grAma', 'eka', 'rAtrikAH']"
vt4a,pt762.xml,tozayizyAmi,"['na', 'tvAm', 'BUyaH', 'tozayizyAmi']"
vt4a,pt1251.xml,cakrAma,"['iti', 'SrutvA', 'rAjA', 'pra', 'hfzwa', 'hfdayaH', 'tat', 'dinam', 'varza', 'Satam', 'iva', 'kaTam', 'cit', 'ati', 'cakrAma']"
adj_ctp3,pt1000.xml,sTitam,"['gacCatu', 'BavAn', 'kim', 'cit', 'sTAnam', 'mahA', 'ISvara', 'aDi', 'sTitam']"
adj_ctp3,pt1208.xml,alaNkftaH,"['evam', 'aBi', 'DAya', 'gate', 'raTa', 'kAre', 'manaH', 'raTa', 'SatEH', 'divasa', 'Sezam', 'ati', 'vAhya', 'pra', 'sannAyAm', 'rajanyAm', 'snAna', 'DUpa', 'cUrRa', 'vilepana', 'tAmbUla', 'muKa', 'vAsa', 'vAsa', 'vAsa', 'kusuma', 'AdiBiH', 'ati', 'suraBi', 'vicitra', 'mAlya', 'ambaraH', 'mukuwa', 'Adi', 'ABaraRa', 'alaNkftaH', 'kOlikaH', 'taTEva', 'anu', 'sTitavAn', 'yAvat', 'asO', 'rAja', 'kanyA', 'suDA', 'aMSu', 'kara', 'adAte', 'harmya', 'tale', 'Sayana', 'tala', 'ava', 'sTitA', 'ekAkinI', 'candramasam', 'ava', 'lokayantI', 'manAg', 'madanena', 'spfSyamAna', 'sahasA', 'eva', 'tam', 'vEnateya', 'aDi', 'rUQam', 'nArAyaRa', 'AkAram', 'kOlikam', 'ava', 'lokitavatI']"
v1a,pt1771.xml,gacCAmi,"['tat', 'aDunA', 'gacCAmi', 'tasya', 'priya', 'suhfdaH', 'ulUkasya', 'sakASam']"
v1a,pt687.xml,gacCati,"['SanEH', 'SanEH', 'yAvat', 'A', 'gacCati', 'tAvat', 'AzAQaBUti', 'na', 'paSyati']"
vi3a,pt1455.xml,biBemi,"['nanu', 'aham', 'ataH', 'tvattaH', 'biBemi']"
noun_ctp7,pt846.xml,pAruzyam,"['striyaH', 'akzAH', 'mfgayA', 'pAnam', 'vAk', 'pAruzyam', 'ca', 'paYcamam', 'mahat', 'ca', 'daRqa', 'pAruzyam', 'arTa', 'dUzaRam', 'eva', 'ca']"
noun_ctp7,pt746.xml,apavAde,"['sam', 'digDe', 'para', 'loke', 'jana', 'apavAde', 'ca', 'jagati', 'bahu', 'citre', 'sva', 'aDIne', 'para', 'ramaRe', 'DanyAH', 'tAruRya', 'Pala', 'BAjaH']"
gerundive_ya_caus,pt1309.xml,jYApyam,"['tat', 'vi', 'jYApyam', 'idam']"
adj_cbv,pt1643.xml,kAyaH,"['mada', 'Srama', 'nidrA', 'parIta', 'kAyaH', 'yadA', 'nf', 'patiH', 'Bavati', 'tadA', 'niBftam', 'pAdayoH', 'tvayA', 'daMzwavyaH', 'etO', 'deSa', 'kAlO']"
adj_cbv,pt1004.xml,aBimuKI,"['aTa', 'sA', 'vAyasI', 'kanaka', 'sUtram', 'ekam', 'A', 'dAya', 'sva', 'vfzA', 'aBimuKI', 'pra', 'tasTe']"
gerundive_ya_cau,pt1226.xml,jYapyam,"['kim', 'cit', 'vi', 'jYapyam', 'asti']"
noun_ctp2,pt1145.xml,pUrvam,"['damBena', 'api', 'niScaya', 'pUrvam', 'suprayuktena', 'kArya', 'sidDiH', 'iti']"
noun_ctp2,pt1124.xml,gatam,"['sa', 'ca', 'siMhaH', 'ati', 'mUrKatayA', 'AtmanaH', 'pratibimbam', 'jala', 'maDya', 'gatam', 'dfzwvA', 'siMha', 'nAdam', 'mumoca']"
pfp. [2],mbh03_14426.xml,darSanIyAm,"['aTa', 'apaSyat', 'kanyAm', 'parama', 'rUpa', 'darSanIyAm', 'puzpARi', 'ava', 'cinvatIm', 'gAyantIm', 'ca']"
prap[5],pt608.xml,SfRvan,"['a', 'SfRvan', 'api', 'bodDavyaH', 'mantriBiH', 'pfTivI', 'patiH', 'yaTA', 'sva', 'doza', 'nASAya', 'vidureRa', 'ambikA', 'sutaH']"
prap[5],pt182.xml,cinvantaH,"['kopa', 'prasAda', 'vastUni', 'vi', 'cinvantaH', 'samIpa', 'gAH', 'A', 'rohanti', 'SanEH', 'BftyAH', 'Dunvantam', 'api', 'pArTivam']"
ppr. [2] ac.,mbh12_25959.xml,sat,"['na', 'sat', 'AsIt', 'na', 'a', 'sat', 'AsIt']"
ppr. [2] ac.,mbh12_25954.xml,sati,"['na', 'rAtryAm', 'na', 'divase', 'na', 'sati', 'na', 'a', 'sati', 'na', 'vi', 'akte', 'na', 'a', 'vi', 'akte', 'vi', 'ava', 'sTite']"
pp.,mbh12_26053.xml,sfte,"['tasya', 'parama', 'Atmani', 'ava', 'sfte', 'tAni', 'asTIni', 'DAtA', 'sam', 'gfhya', 'vajram', 'akarot']"
pp.,mbh03_14608.xml,muditaH,"['tataH', 'sa', 'rAjA', 'muditaH', 'baBUva', 'vAmyO', 'ca', 'asmE', 'sam', 'pra', 'dadO', 'pra', 'namya']"
ca. pp.,mbh12_26003.xml,bAhuH,"['aSvinoH', 'graha', 'pratizeDa', 'ud', 'yata', 'vajrasya', 'puraMdarasya', 'cyavanena', 'stamBitaH', 'bAhuH']"
ppp,pt1140.xml,kfte,"['kfte', 'viniScaye', 'puMsAm', 'devAH', 'yAnti', 'sahAyatAm', 'vizRuH', 'cakram', 'garutmAn', 'ca', 'kOlikasya', 'yaTA', 'Ahave']"
ppp,pt251.xml,ucitaH,"['kanaka', 'BUzaRa', 'saNgrahaRa', 'ucitaH', 'yadi', 'maRiH', 'trapuRi', 'prati', 'baDyate', 'na', 'sa', 'vi', 'rOti', 'na', 'ca', 'api', 'na', 'SoBate', 'Bavati', 'yojayituH', 'vacanIyatA']"
pron_rel,pt656.xml,yat,"['yat', 'kAraRam', 'niHsaNgatA', 'yatInAm', 'pra', 'Sasyate', 'tava', 'mama', 'api', 'ca']"
pron_rel,pt1889.xml,yasmin,"['yasmin', 'kule', 'yaH', 'puruzaH', 'praDAnaH', 'sadA', 'eva', 'yatnena', 'sa', 'rakzaRIyaH', 'tasmin', 'vinazwe', 'hi', 'kulam', 'vinazwam', 'na', 'nABi', 'BaNge', 'hi', 'arakAH', 'vahanti']"
vt1m,pt734.xml,Ikzate,"['saKi', 'sa', 'deva', 'dattaH', 'tasmin', 'sTAne', 'prati', 'Ikzate']"
vt1m,pt1041.xml,lakzyate,"['nfpa', 'dIpaH', 'Dana', 'sneham', 'prajAByaH', 'san', 'gfhan', 'api', 'antara', 'sTEH', 'guREH', 'SuBrEH', 'lakzyate', 'na', 'eva', 'kena', 'cit']"
vt7a,pt784.xml,Sizyeta,"['uSanA', 'veda', 'yat', 'SAstram', 'yat', 'ca', 'veda', 'bfhaspatiH', 'strI', 'budDyA', 'na', 'vi', 'Sizyeta', 'tasmAt', 'rakzyAH', 'kaTam', 'hi', 'tAH']"
vt7a,pt1327.xml,pinazwi,"['sura', 'ari', 'saNGAta', 'ni', 'pIta', 'SoRitam', 'na', 'cakram', 'ut', 'muYcati', 'mAnuze', 'hariH', 'kareRa', 'yena', 'pra', 'pinazwi', 'kuYjarAn', 'na', 'tena', 'siMhaH', 'maSakAn', 'pra', 'bADyate']"
prmp_cau,pt1574.xml,jYapyamAnAH,"['aTa', 'budDa', 'prakAram', 'vi', 'jYapyamAnAH', 'deva', 'pAdAH', 'asmat', 'vacanam', 'an', 'A', 'dftya', 'kAmataH', 'pra', 'vartante']"
vt9a,pt819.xml,baDyate,"['BoH', 'anyAyena', 'eza', 'varAkaH', 'nApitaH', 'baDyate', 'sADu', 'samAcAraH']"
noun_cbv,pt61.xml,Adi,"['tataH', 'pra', 'Aptasya', 'sataH', 'rakzaRa', 'vi', 'varDana', 'upayoga', 'Adi', 'kAryam']"
cd,mbh12_25998.xml,purARa,"['veda', 'purARa', 'itihAsa', 'prAmARyAt', 'nArAyaRa', 'muKa', 'ut', 'gatAH', 'sarva', 'AtmAnaH', 'sarva', 'kartAraH', 'sarva', 'BAvanAH', 'ca', 'brAhmaRAH']"
cd,mbh12_26052.xml,duHKa,"['aTa', 'daDIcaH', 'taTA', 'eva', 'a', 'vimanAH', 'suKa', 'duHKa', 'samaH', 'mahA', 'yogI', 'AtmAnam', 'sam', 'DAya', 'SarIra', 'parityAgam', 'cakAra']"
noun_cdi,pt1643.xml,kAlO,"['mada', 'Srama', 'nidrA', 'parIta', 'kAyaH', 'yadA', 'nf', 'patiH', 'Bavati', 'tadA', 'niBftam', 'pAdayoH', 'tvayA', 'daMzwavyaH', 'etO', 'deSa', 'kAlO']"
noun_cdi,pt1563.xml,sarpARAm,"['vyAGra', 'vAnara', 'sarpARAm', 'iti']"
vt2am,pt633.xml,brUyAt,"['niHspfhaH', 'na', 'aDikArI', 'syAt', 'na', 'a', 'kAmI', 'maRqana', 'priyaH', 'na', 'a', 'vi', 'dagDaH', 'priyam', 'brUyAt', 'sPuwa', 'vaktA', 'na', 'vaYcakaH']"
vt2am,pt1524.xml,abravIt,"['evam', 'ca', 'cittena', 'ava', 'DAryA', 'abravIt']"
ctp4,mbh12_13978.xml,arjana,"['tyakta', 'grAmya', 'vastra', 'AhAra', 'upaBogAH', 'vanya', 'OzaDi', 'mUla', 'Pala', 'parRa', 'pari', 'mita', 'vicitra', 'ni', 'yata', 'AhArAH', 'sTAna', 'AsaninaH', 'BUmi', 'pAzARa', 'sikatA', 'SarkarA', 'vAlukA', 'Basma', 'SAyinaH', 'kASa', 'kuSa', 'carma', 'valkala', 'saM', 'vfta', 'aNgAH', 'keSa', 'SmaSru', 'naKa', 'roma', 'DAriRaH', 'niyata', 'kAla', 'upasparSanAH', 'askanna', 'homa', 'bali', 'kAla', 'anu', 'zWAyinaH', 'samitkuSa', 'kusuma', 'upahAra', 'homa', 'arjana', 'labDa', 'viSrAmAH', 'SItA', 'uzRa', 'pavana', 'niH', 'tapta', 'vi', 'Binna', 'sarva', 'tvacaH', 'viviDa', 'niyama', 'yoga', 'carya', 'avihita', 'Darma', 'anu', 'zWAna', 'hfta', 'mAMsa', 'SoRitAH', 'tvak', 'asTi', 'BUtAH', 'Dfti', 'parAH', 'sattva', 'yogAt', 'SarIrARi', 'ud', 'vahanti']"
ctp4,mbh12_13898.xml,ArTayoH,"['saH', 'eza', 'kAmyaH', 'guRa', 'viSezaH', 'Darma', 'ArTayoH', 'AramBaH', 'tat', 'hetuH', 'asya', 'utpattiH', 'suKa', 'prayojanA']"
pp. ctp3,mbh12_13978.xml,keSa,"['tyakta', 'grAmya', 'vastra', 'AhAra', 'upaBogAH', 'vanya', 'OzaDi', 'mUla', 'Pala', 'parRa', 'pari', 'mita', 'vicitra', 'ni', 'yata', 'AhArAH', 'sTAna', 'AsaninaH', 'BUmi', 'pAzARa', 'sikatA', 'SarkarA', 'vAlukA', 'Basma', 'SAyinaH', 'kASa', 'kuSa', 'carma', 'valkala', 'saM', 'vfta', 'aNgAH', 'keSa', 'SmaSru', 'naKa', 'roma', 'DAriRaH', 'niyata', 'kAla', 'upasparSanAH', 'askanna', 'homa', 'bali', 'kAla', 'anu', 'zWAyinaH', 'samitkuSa', 'kusuma', 'upahAra', 'homa', 'arjana', 'labDa', 'viSrAmAH', 'SItA', 'uzRa', 'pavana', 'niH', 'tapta', 'vi', 'Binna', 'sarva', 'tvacaH', 'viviDa', 'niyama', 'yoga', 'carya', 'avihita', 'Darma', 'anu', 'zWAna', 'hfta', 'mAMsa', 'SoRitAH', 'tvak', 'asTi', 'BUtAH', 'Dfti', 'parAH', 'sattva', 'yogAt', 'SarIrARi', 'ud', 'vahanti']"
preveb,mbh12_13944.xml,hitam,"['yat', 'etat', 'cAtura', 'ASramyam', 'brahma', 'fzi', 'vi', 'hitam', 'purA']"
ctp_dvigu,pt1474.xml,satyena,"['tri', 'satyena', 'AtmAnam', 'SapAmi']"
ctp_dvigu,pt847.xml,aNgam,"['ekam', 'eva', 'idam', 'vyasanam', 'prasaNga', 'A', 'Kyam', 'sapta', 'aNgam', 'iti']"
ppp_caus,pt52.xml,karita,"['dAkziRAtyezu', 'jana', 'padezu', 'purandarapurasya', 'fdDi', 'sarva', 'guRa', 'sam', 'pannam', 'pfTivyAH', 'cUqA', 'maRi', 'ratna', 'BUtam', 'kElAsa', 'SiKara', 'Akfti', 'viviDa', 'yantra', 'praharaRa', 'AcaraRa', 'pari', 'pUrRa', 'go', 'pura', 'awwAlakam', 'visaNkawa', 'utkawa', 'dfQa', 'pariGa', 'kapAwa', 'toraRa', 'argala', 'upagata', 'indra', 'kIla', 'vipula', 'dvAram', 'su', 'vi', 'hita', 'SfNgAwaka', 'catuzpaTa', 'prati', 'sTita', 'an', 'eka', 'devatA', 'Ayatanam', 'pariKA', 'pari', 'karita', 'ut', 'Srita', 'hima', 'giri', 'sadfSa', 'AkAra', 'prAkAra', 'valaya', 'pari', 'vezwitam', 'mahilA', 'ropyam', 'nAma', 'nagaram']"
vt9a 4a,pt1001.xml,baDyate,"['tasmAt', 'kasya', 'api', 'DaninaH', 'kanaka', 'sUtram', 'hAram', 'vA', 'pra', 'mAdinaH', 'gfhItvA', 'tatra', 'pra', 'kzipatu', 'yaTA', 'sarpaH', 'tat', 'grahaRena', 'baDyate']"
adj_ck,pt1771.xml,suhfdaH,"['tat', 'aDunA', 'gacCAmi', 'tasya', 'priya', 'suhfdaH', 'ulUkasya', 'sakASam']"
adj_ck,pt633.xml,vaktA,"['niHspfhaH', 'na', 'aDikArI', 'syAt', 'na', 'a', 'kAmI', 'maRqana', 'priyaH', 'na', 'a', 'vi', 'dagDaH', 'priyam', 'brUyAt', 'sPuwa', 'vaktA', 'na', 'vaYcakaH']"
noun_pn_ck,pt1270.xml,pure,"['taTA', 'anyedyuH', 'vikrama', 'sena', 'balEH', 'A', 'gatya', 'upa', 'rudDe', 'puRQravarDana', 'pure', 'sa', 'rAjA', 'mantri', 'puras', 'hita', 'mahA', 'janEH', 'vi', 'jYaptaH']"
noun_pn_ck,pt1749.xml,pramARam,"['asti', 'kasmin', 'cit', 'vana', 'uddeSe', 'mahA', 'pramARam', 'saraH']"
ifc,pt252.xml,jYaH,"['budDimAn', 'anu', 'raktaH', 'ayam', 'a', 'BaktaH', 'ayam', 'ayam', 'jaqaH', 'iti', 'Bftya', 'vicAra', 'jYaH', 'BftyEH', 'A', 'pUryate', 'nfpaH']"
ifc,pt274.xml,sTam,"['Badra', 'yat', 'te', 'hfdaya', 'sTam', 'tat', 'brUhi']"
adh,mbh12_13948.xml,praTamam,"['tatra', 'guru', 'kula', 'vAsam', 'eva', 'tAvat', 'praTamam', 'ASramam', 'uda', 'A', 'haranti']"
pcl_neg,pt687.xml,na,"['SanEH', 'SanEH', 'yAvat', 'A', 'gacCati', 'tAvat', 'AzAQaBUti', 'na', 'paSyati']"
pcl_neg,pt1889.xml,na,"['yasmin', 'kule', 'yaH', 'puruzaH', 'praDAnaH', 'sadA', 'eva', 'yatnena', 'sa', 'rakzaRIyaH', 'tasmin', 'vinazwe', 'hi', 'kulam', 'vinazwam', 'na', 'nABi', 'BaNge', 'hi', 'arakAH', 'vahanti']"
ctp3 pp.,mbh03_14544.xml,ita,"['tat', 'SrutvA', 'vacanam', 'a', 'priyam', 'vAmadevaH', 'kroDa', 'pari', 'ita', 'AtmA', 'svayam', 'eva', 'rAjAnam', 'aBi', 'gamya', 'aSva', 'ArTam', 'aBi', 'acodayat']"
pcl_sub,pt1889.xml,hi,"['yasmin', 'kule', 'yaH', 'puruzaH', 'praDAnaH', 'sadA', 'eva', 'yatnena', 'sa', 'rakzaRIyaH', 'tasmin', 'vinazwe', 'hi', 'kulam', 'vinazwam', 'na', 'nABi', 'BaNge', 'hi', 'arakAH', 'vahanti']"
pcl_sub,pt1396.xml,hi,"['pUjyaH', 'banDuH', 'api', 'priyaH', 'api', 'tanayaH', 'BrAtA', 'vayasyaH', 'api', 'vA', 'yaH', 'mohAt', 'an', 'avadya', 'kArya', 'vimuKaH', 'heyaH', 'sa', 'kArya', 'arTinA', 'loke', 'hi', 'praTitAH', 'nanu', 'SrutiH', 'iyam', 'na', 'arTaH', 'api', 'gAyanti', 'yAm', 'kim', 'kAryam', 'kanakena', 'tena', 'Bavati', 'CedAya', 'karRasya', 'yat']"
ca. pfp. [2],mbh12_26022.xml,kramaRIyam,"['sa', 'rUpaviSvaH', 'mAtuH', 'vAkyam', 'an', 'ati', 'kramaRIyam', 'iti', 'matvA', 'sam', 'pUjya', 'hiraRyakaSipum', 'agAt']"
pn ctp6,mbh12_13965.xml,prajApatiH,"['apatya', 'utpAdanena', 'prajApatiH', 'iti']"
noun_ctp4,pt1213.xml,arTam,"['Badre', 'tvad', 'arTam', 'eva', 'idam', 'iha', 'Agamanam']"
noun_ctp4,pt1843.xml,arTe,"['tat', 'yUyam', 'Atma', 'arTe', 'tAvat', 'aBi', 'udyamam', 'kuruDvam', 'iti']"
ck,mbh12_26001.xml,SmaSrutAm,"['ahalyA', 'DarzaRa', 'nimittam', 'hi', 'gOtamAt', 'hari', 'SmaSrutAm', 'indraH', 'pra', 'AptaH']"
ck,mbh12_26020.xml,pakza,"['putra', 'kim', 'para', 'pakza', 'varDanaH', 'tvam', 'mAtula', 'pakzam', 'nASayasi']"
 adj_cbv xxxxx,pt1992.xml,upa,"['tAn', 'aham', 'prIti', 'pUrvakam', 'upa', 'BuYje']"
 adj_cbv xxxxx,pt861.xml,kopa,"['vAk', 'pAruzya', 'AdiH', 'kopa', 'jaH', 'vargaH']"
preverb,mbh03_14648.xml,ut,"['etat', 'SrutvA', 'sa', 'kacCapaH', 'tasmAt', 'sarasaH', 'ut', 'TAya', 'aBi', 'agacCat', 'yatra', 'tizWAmaH', 'vayam', 'tasya', 'sarasaH', 'tIre']"
preverb,mbh03_14642.xml,prati,"['sa', 'naH', 'abravIt', 'asti', 'Kalu', 'iha', 'eva', 'sarasi', 'akUparaH', 'nAma', 'kacCapaH', 'prati', 'vasati']"
adj ppr. [10] md.,mbh03_14462.xml,mfgayamARaH,"['tAm', 'mfgayamARaH', 'rAjA', 'na', 'apaSyat']"
cab,mbh03_14584.xml,pure,"['evam', 'uktaH', 'vAmadevena', 'rAjan', 'antaH', 'pure', 'rAja', 'putram', 'jaGAna']"
cab,mbh03_14528.xml,pure,"['evam', 'uktvA', 'mfgam', 'ava', 'Apya', 'sva', 'nagaram', 'etya', 'ASvO', 'antaH', 'pure', 'asTApayat']"
noun_cab,pt872.xml,lomakam,"['aTa', 'guRa', 'prati', 'lomakam', 'ucyate', 'yadA', 'sanDi', 'vigraha', 'yAna', 'Asana', 'sam', 'Sraya', 'dvEDI', 'BAvAnAm', 'zaRRAm', 'guRAnAm', 'prAti', 'lomyena', 'vartate', 'sanDO', 'pra', 'Apte', 'vigraham', 'vigrahe', 'ca', 'sanDim', 'karoti', 'evam', 'Sezezu', 'api', 'guRezu', 'prAti', 'lomyena', 'yadA', 'vartate', 'tat', 'vyasanam', 'prati', 'lomakam', 'iti']"
vt6am 1m,pt665.xml,muYcati,"['taTA', 'api', 'kakzA', 'antarAt', 'mAtrAm', 'na', 'muYcati']"
adj pp.,mbh03_14524.xml,yuktena,"['sa', 'ca', 'tO', 'aSvO', 'prati', 'gfhya', 'anu', 'jYApya', 'ca', 'fzim', 'pra', 'ayAt', 'vAmya', 'sam', 'yuktena', 'raTena', 'mfgam', 'prati']"
adj pp.,mbh12_26093.xml,glAnAm,"['tAm', 'indraH', 'patnIm', 'kfSAm', 'glAnAm', 'ca', 'dfzwvA', 'cintayAm', 'baBUva']"
pron,pt11.xml,idam,"['aTa', 'vA', 'sADU', 'idam', 'ucyate']"
pron,pt220.xml,yasya,"['yasya', 'yasya', 'hi', 'yaH', 'BAvaH', 'tasya', 'tasya', 'hi', 'tam', 'naraH', 'anupra', 'viSya', 'meDAvI', 'kzipram', 'Atma', 'vaSam', 'nayet']"
prmp[1],pt479.xml,varDamAnam,"['asti', 'atra', 'DarA', 'a', 'tale', 'varDamAnam', 'nAma', 'nagaram']"
prmp[1],pt1685.xml,IhamAnaH,"['saH', 'api', 'tat', 'A', 'karRya', 'palAyitum', 'IhamAnaH', 'vyAGreRa', 'KaRqaSaH', 'kftaH', 'mftaH', 'ca']"
vt2a,pt1738.xml,ucyate,"['sADu', 'ca', 'idam', 'ucyate']"
vt2a,pt778.xml,Aha,"['evam', 'uktvA', 'BUyaH', 'api', 'tam', 'Aha']"
infinitive,pt1685.xml,palAyitum,"['saH', 'api', 'tat', 'A', 'karRya', 'palAyitum', 'IhamAnaH', 'vyAGreRa', 'KaRqaSaH', 'kftaH', 'mftaH', 'ca']"
infinitive,pt773.xml,Darzayitum,"['Dik', 'Dik', 'mahA', 'mUQa', 'kaH', 'mAm', 'mahA', 'satIm', 'pati', 'vratAm', 'Darzayitum', 'vyaNgayitum', 'vA', 'samarTaH']"
vA,mbh12_26157.xml,vAyamAnaH,"['tasya', 'tapaH', 'tapyamAnasya', 'sarva', 'ganDa', 'vahaH', 'SuciH', 'vAyuH', 'vi', 'vAyamAnaH', 'SarIram', 'aspfSat']"
adv_cab,pt1981.xml,aham,"['vayasya', 'tvayA', 'prati', 'aham', 'atra', 'A', 'gantavyam', 'param', 'ekAkinA', 'eva']"
adv_cab,pt1033.xml,aham,"['yat', 'kAraRam', 'vayam', 'eva', 'svAminaH', 'ekEkam', 'vana', 'caram', 'vArakeRa', 'sTAna', 'sTitasya', 'eva', 'AhAra', 'arTam', 'prati', 'aham', 'prezayizyAmaH']"
adj pn,mbh12_26023.xml,hEraRyagarBAt,"['hEraRyagarBAt', 'ca', 'vasizWAt', 'hiraRyakaSipuH', 'SApam', 'pra', 'AptavAn']"
adj pn,mbh03_14650.xml,indradyumnam,"['BavAn', 'indradyumnam', 'rAjAnam', 'aBi', 'jAnAti', 'iti']"
vt1am,pt1867.xml,nayAmi,"['tat', 'tizWantu', 'BavantaH', 'atra', 'eva', 'yAvat', 'aham', 'gfham', 'gatvA', 'svAmi', 'vacanam', 'A', 'nayAmi']"
vt1am,pt1101.xml,nayet,"['jAta', 'mAtram', 'na', 'yaH', 'Satrum', 'rogam', 'ca', 'praSamam', 'nayet', 'mahA', 'balaH', 'api', 'tena', 'eva', 'vfdDim', 'pra', 'Apya', 'sa', 'hanyate']"
noun_cds,pt707.xml,mAMsam,"['aham', 'tava', 'kfte', 'praBUtam', 'madya', 'mAMsam', 'A', 'nezyAmi', 'iti']"
noun_cds,pt1252.xml,hastam,"['tataH', 'tu', 'rAtrO', 'niBftaH', 'BUtvA', 'rAjA', 'sa', 'kalatraH', 'vAtAyana', 'sTaH', 'gagana', 'ni', 'veSita', 'dfzwiH', 'yAvat', 'tizWati', 'tAvat', 'garuqa', 'A', 'rUQam', 'SaNKa', 'cakra', 'gadA', 'hastam', 'yaTA', 'ucita', 'AkASAt', 'ava', 'tarantam', 'apaSyat']"
vi1a 4a,pt1470.xml,trasyate,"['yuzmat', 'nAma', 'grahaRena', 'api', 'trasyate', 'kim', 'punaH', 'sparSanena']"
i,mbh03_14647.xml,tAvat,"['sADu', 'A', 'gamyatAm', 'tAvat', 'iti']"
 ppr. [2] md.,mbh12_13982.xml,vfttayaH,"['vi', 'mucya', 'agni', 'Dana', 'kalatra', 'paribarha', 'saNgAn', 'AtmanaH', 'sneha', 'pASAn', 'ava', 'DUya', 'pari', 'vrajanti', 'sama', 'lozwa', 'aSma', 'kAYcanAH', 'tri', 'varga', 'pra', 'vfttezu', 'AramBezu', 'a', 'sakta', 'budDayaH', 'ari', 'mitra', 'ud', 'AsInezu', 'tulya', 'vfttayaH', 'sTAvara', 'jara', 'Ayuja', 'aRqaja', 'svedaja', 'ud', 'BijjAnAm', 'BUtAnAm', 'vAk', 'manaH', 'karmaBiH', 'an', 'aBi', 'drohiRaH', 'a', 'niketAH', 'parvata', 'pulina', 'vfkza', 'mUla', 'devata', 'yatanAni', 'anu', 'carantaH', 'vAsa', 'ArTam', 'upa', 'IyuH', 'nagaram', 'grAmam', 'vA', 'nagare', 'paYca', 'rAtrikAH', 'grAma', 'eka', 'rAtrikAH']"
adj pp. ctp3,mbh12_26054.xml,viSvarUpam,"['tena', 'vajreRa', 'a', 'Bidyena', 'a', 'pra', 'DfzyeRa', 'brahma', 'asTi', 'sam', 'BUtena', 'vizRu', 'pra', 'vizwena', 'indraH', 'viSvarUpam', 'jaGAna']"
adj pp. ctp3,mbh12_26117.xml,BUtam,"['UcuH', 'ca', 'enam', 'Bagavan', 'indram', 'brahma', 'vaDyA', 'aBi', 'BUtam', 'trAtum', 'arhasi', 'iti']"
noun_ctp3,pt1612.xml,IritaH,"['evam', 'ca', 'tasyAH', 'tatra', 'vasantyAH', 'quRqukaH', 'nAma', 'matkuRaH', 'vAyu', 'pra', 'IritaH', 'tasmin', 'Sayane', 'patitaH']"
noun_ctp3,pt977.xml,capalEH,"['varam', 'vi', 'hAraH', 'saha', 'pannagEH', 'kftaH', 'SaWa', 'AtmaBiH', 'vA', 'ripuBiH', 'saha', 'uzitam', 'a', 'Darma', 'yuktEH', 'capalEH', 'a', 'paRqitEH', 'na', 'pApa', 'mitrEH', 'saha', 'vartitum', 'kzamam']"
cau abs,mbh12_26090.xml,darSayitum,"['tAm', 'mUrDnA', 'pra', 'namya', 'uvAca', 'SacI', 'Bagavati', 'arhasi', 'me', 'BartAram', 'darSayitum', 'tvam', 'satyA', 'matA', 'ca', 'iti']"
pv,mbh12_26128.xml,aspfSan,"['AkASa', 'gaNgA', 'gataH', 'ca', 'purA', 'BaradvAjaH', 'mahA', 'fziH', 'upa', 'aspfSan', 'trIn', 'kramAn', 'kramatA', 'vizRunA', 'aBi', 'A', 'sAditaH']"
pv,mbh12_26126.xml,vi,"['brahma', 'vaDyAm', 'caturzu', 'sTAnezu', 'vanitA', 'agni', 'vanaspati', 'gozu', 'vi', 'aBajat']"
vt8a,pt159.xml,karizyasi,"['tat', 'kaTaya', 'kaTam', 'AtmI', 'karizyasi']"
vt10am,pt680.xml,acintayat,"['deva', 'SarmA', 'api', 'tat', 'A', 'lokya', 'vi', 'acintayat']"
vt10am,pt980.xml,cintyate,"['aTa', 'vA', 'kim', 'atra', 'cintyate']"
 gati,mbh12_26011.xml,BUtAH,"['yasmAt', 'mama', 'upa', 'spfSataH', 'kaluzI', 'BUtAH', 'na', 'prasAdam', 'upa', 'gatAH', 'tasmAt', 'adya', 'praBfti', 'Jaza', 'makara', 'matsya', 'kacCapa', 'jantu', 'sam', 'kIrRAH', 'kaluzI', 'Bavata', 'iti']"
 gati,pt1770.xml,BUtaH,"['tizWan', 'aham', 'iha', 'AvAse', 'vfdDI', 'BUtaH', 'na', 'ca', 'anyAm', 'aham', 'kAm', 'cit', 'api', 'diSam', 'jAnAmi']"
vt5a,pt1632.xml,Apnoti,"['deSam', 'kAlam', 'kAryam', 'param', 'AtmAnam', 'ca', 'yaH', 'na', 'jAnAti', 'a', 'vi', 'mfSya', 'yaH', 'karoti', 'ca', 'na', 'sa', 'Palam', 'Apnoti', 'vE', 'mUrKaH']"
vt5a,pt1162.xml,mAm,"['yadi', 'sarvasya', 'lokasya', 'guRAH', 'kalyARa', 'kAriRaH', 'tat', 'kaTam', 'mfga', 'SAva', 'akzyAH', 'guRa', 'yogaH', 'dunoti', 'mAm']"
num_ordinal,pt935.xml,praTamam,"['mAma', 'kim', 'adya', 'AhAra', 'vihAra', 'kriyA', 'na', 'kriyate', 'yaTA', 'praTamam', 'iti']"
num_ordinal,pt1013.xml,praTamam,"['upa', 'IkzitaH', 'kzIRa', 'balaH', 'api', 'SatruH', 'pramAda', 'dozAt', 'puruzEH', 'mada', 'anDEH', 'sADyaH', 'api', 'BUtvA', 'praTamam', 'tataH', 'asO', 'a', 'sADyatAm', 'vyADiH', 'iva', 'pra', 'yAti']"
adj_rel,pt1311.xml,yAni,"['yAni', 'ca', 'BawwAraka', 'AyatanAni', 'tAni', 'nAstikAH', 'vi', 'nASayizyanti']"
adj_rel,pt1038.xml,yaH,"['ajAH', 'iva', 'prajAH', 'mohAt', 'yaH', 'hanyAt', 'pfTivI', 'patiH', 'tasya', 'ekA', 'jAyate', 'tfptiH', 'na', 'dvitIyA', 'kaTam', 'cana']"
inf,mbh12_26043.xml,DAtum,"['tat', 'arhasi', 'naH', 'vi', 'DAtum', 'SreyaH', 'yat', 'an', 'antaram', 'iti']"
inf,mbh03_14562.xml,hantum,"['ye', 'tvA', 'viduH', 'brAhmaRam', 'vAmadeva', 'vAcA', 'hantum', 'manasA', 'karmaRA', 'vA']"
prap_cau,pt80.xml,Bakzayan,"['tasmin', 'ca', 'marakata', 'sadfSAni', 'Sazpa', 'pallava', 'agrARi', 'Bakzayan', 'katipayEH', 'ahoBiH', 'hara', 'vfzaBaH', 'iva', 'pInaH', 'kakudmAn', 'balavAn', 'ca', 'sam', 'vfttaH']"
prap_cau,pt1208.xml,lokayantI,"['evam', 'aBi', 'DAya', 'gate', 'raTa', 'kAre', 'manaH', 'raTa', 'SatEH', 'divasa', 'Sezam', 'ati', 'vAhya', 'pra', 'sannAyAm', 'rajanyAm', 'snAna', 'DUpa', 'cUrRa', 'vilepana', 'tAmbUla', 'muKa', 'vAsa', 'vAsa', 'vAsa', 'kusuma', 'AdiBiH', 'ati', 'suraBi', 'vicitra', 'mAlya', 'ambaraH', 'mukuwa', 'Adi', 'ABaraRa', 'alaNkftaH', 'kOlikaH', 'taTEva', 'anu', 'sTitavAn', 'yAvat', 'asO', 'rAja', 'kanyA', 'suDA', 'aMSu', 'kara', 'adAte', 'harmya', 'tale', 'Sayana', 'tala', 'ava', 'sTitA', 'ekAkinI', 'candramasam', 'ava', 'lokayantI', 'manAg', 'madanena', 'spfSyamAna', 'sahasA', 'eva', 'tam', 'vEnateya', 'aDi', 'rUQam', 'nArAyaRa', 'AkAram', 'kOlikam', 'ava', 'lokitavatI']"
prap_caus,pt1127.xml,SasyamAnaH,"['SaSakaH', 'api', 'hfzwa', 'manAH', 'sarvAn', 'mfgAn', 'A', 'nandya', 'tEH', 'pra', 'SasyamAnaH', 'yaTA', 'suKam', 'tatra', 'vane', 'vasati', 'sma']"
prap_caus,pt693.xml,ezayat,"['evam', 'bahu', 'viDam', 'vi', 'lapya', 'tasya', 'pada', 'padDatim', 'anu', 'ezayat', 'vayam', 'ca', 'AzAQaBUtinA', 'pra', 'jalpan', 'SanEH', 'SanEH', 'pra', 'sTitaH']"
pcl_post,pt707.xml,kfte,"['aham', 'tava', 'kfte', 'praBUtam', 'madya', 'mAMsam', 'A', 'nezyAmi', 'iti']"
gerundive_anIya,pt86.xml,sTAnIyaH,"['tatra', 'sarvezu', 'eva', 'nagara', 'pattana', 'aDi', 'sTAna', 'Kewaka', 'vawa', 'bARa', 'agra', 'hAra', 'kAnana', 'vana', 'sTAnezu', 'ekaH', 'eva', 'siMha', 'sTAnIyaH', 'Bavati']"
gerundive_anIya,pt25.xml,AsanIyam,"['an', 'anta', 'pAram', 'kila', 'Sabda', 'SAstram', 'svalpam', 'taTA', 'AyuH', 'bahavaH', 'ca', 'viGnAH', 'yat', 'sAra', 'BUtam', 'tat', 'upa', 'AsanIyam', 'haMsEH', 'yaTA', 'kzIram', 'iva', 'ambu', 'maDyAt']"
v2m,pt1111.xml,vi,"['yaH', 'a', 'balaH', 'pra', 'ut', 'natam', 'yAti', 'vi', 'hantum', 'sa', 'balam', 'ripum', 'vimadaH', 'sa', 'ni', 'varteta', 'SIrRa', 'dantaH', 'yaTA', 'gajaH']"
 ctp6,mbh12_26165.xml,saYjYitena,"['etat', 'ca', 'te', 'toyam', 'vaqavAmuKa', 'saYjYitena', 'pIyamAnam', 'maDuram', 'Bavizyati']"
 ctp6,mbh12_26166.xml,saYjYitena,"['tat', 'etat', 'adya', 'api', 'vaqavAmuKa', 'saYjYitena', 'anu', 'vartinA', 'toyam', 'sAmudram', 'pIyate']"
ppp_cau,pt312.xml,darSita,"['darSita', 'Baye', 'api', 'DAtari', 'DIratvam', 'na', 'eva', 'calati', 'DIrARAm', 'Sozita', 'sarasi', 'nidAGe', 'nitarAm', 'eva', 'ut', 'gataH', 'sinDuH']"
ppp_cau,pt1263.xml,darSitaH,"['evam', 'ukte', 'tezAm', 'rAjYA', 'deva', 'mArgaH', 'darSitaH']"
onom,pt803.xml,PUt,"['aTa', 'asmin', 'vyatikare', 'sA', 'duzwA', 'UrDvO', 'bAhU', 'vi', 'DAya', 'PUt', 'kartu', 'manAH', 'gfhAt', 'niH', 'cakrAma']"
vi6am,pt770.xml,muYca,"['tat', 'drutam', 'muYca', 'mAm', 'banDanAt', 'yAvat', 'na', 'ayam', 'prati', 'buDyate', 'yena', 'sva', 'gfham', 'gacCAmi']"
vt1a,pt1312.xml,tyakzyanti,"['Bagavat', 'BaktAH', 'ca', 'tridaRqinaH', 'pravrajyAm', 'tyakzyanti']"
vt1a,pt656.xml,Sasyate,"['yat', 'kAraRam', 'niHsaNgatA', 'yatInAm', 'pra', 'Sasyate', 'tava', 'mama', 'api', 'ca']"
pron_reflexive,pt1632.xml,AtmAnam,"['deSam', 'kAlam', 'kAryam', 'param', 'AtmAnam', 'ca', 'yaH', 'na', 'jAnAti', 'a', 'vi', 'mfSya', 'yaH', 'karoti', 'ca', 'na', 'sa', 'Palam', 'Apnoti', 'vE', 'mUrKaH']"
pron_reflexive,pt423.xml,AtmAnam,"['tat', 'SrutvA', 'gatAsum', 'iva', 'AtmAnam', 'manyamAnaH', 'saYjIvakaH', 'param', 'vizAdam', 'agamat', 'Aha', 'ca']"
vi4m,pt1038.xml,jAyate,"['ajAH', 'iva', 'prajAH', 'mohAt', 'yaH', 'hanyAt', 'pfTivI', 'patiH', 'tasya', 'ekA', 'jAyate', 'tfptiH', 'na', 'dvitIyA', 'kaTam', 'cana']"
vi4m,pt1027.xml,janayanti,"['ekasya', 'janmanaH', 'arTe', 'mUQAH', 'kurvanti', 'yAni', 'pApAni', 'janayanti', 'tAni', 'duHKam', 'tezAm', 'janma', 'antara', 'sahasram']"
v2a,pt1140.xml,yAnti,"['kfte', 'viniScaye', 'puMsAm', 'devAH', 'yAnti', 'sahAyatAm', 'vizRuH', 'cakram', 'garutmAn', 'ca', 'kOlikasya', 'yaTA', 'Ahave']"
v2a,pt1973.xml,ihi,"['A', 'ihi', 'A', 'ihi', 'saKe']"
cbv,mbh03_14601.xml,IkzaRe,"['tvayA', 'trAtam', 'rAja', 'kulam', 'SuBa', 'IkzaRe', 'varam', 'vfRIzva', 'apratimam', 'dadAni', 'te']"
cbv,mbh12_26052.xml,samaH,"['aTa', 'daDIcaH', 'taTA', 'eva', 'a', 'vimanAH', 'suKa', 'duHKa', 'samaH', 'mahA', 'yogI', 'AtmAnam', 'sam', 'DAya', 'SarIra', 'parityAgam', 'cakAra']"
adj pfp,mbh12_13971.xml,viviDAnAm,"['api', 'ca', 'atra', 'mAlya', 'ABaraRa', 'vastra', 'aByaNga', 'ganDa', 'upaBoga', 'nftta', 'gita', 'vAditra', 'Sruti', 'suKa', 'nayana', 'aBirAma', 'saM', 'darSanAnAm', 'prAptiH', 'Bakzya', 'Bojya', 'peya', 'lehya', 'cozyAnam', 'aBI', 'ava', 'hAryARAm', 'viviDAnAm', 'upaBogaH', 'sva', 'dAra', 'vihAra', 'santozaH', 'kAma', 'suKa', 'ava', 'AptiH', 'iti']"
adj,mbh12_26044.xml,fziH,"['tAn', 'brahma', 'uvAca', 'fziH', 'BArgavaH', 'tapaH', 'tapyate', 'daDIcaH']"
adj,mbh12_26118.xml,varadaH,"['tataH', 'sa', 'varadaH', 'tAn', 'abravIt', 'aSva', 'meDam', 'yajYam', 'vEzRavam', 'SakraH', 'aBi', 'yajatu']"
iic,pt220.xml,Atma,"['yasya', 'yasya', 'hi', 'yaH', 'BAvaH', 'tasya', 'tasya', 'hi', 'tam', 'naraH', 'anupra', 'viSya', 'meDAvI', 'kzipram', 'Atma', 'vaSam', 'nayet']"
iic,pt260.xml,puruza,"['aSvaH', 'Sastram', 'SAstram', 'vIRA', 'vARI', 'naraH', 'ca', 'nArI', 'ca', 'puruza', 'viSezam', 'pra', 'AptAH', 'Bavanti', 'a', 'yogyAH', 'ca', 'yogyAH', 'ca']"
adj_pron,pt1255.xml,sarve,"['tat', 'sidDAH', 'asmAkam', 'sarve', 'hfdayasTA', 'mano', 'raTAh']"
adj_pron,pt1047.xml,sarvAn,"['param', 'yadi', 'mama', 'atra', 'upa', 'vizwasya', 'na', 'ekEkaH', 'mfgaH', 'sam', 'A', 'ezyati', 'tat', 'nUnam', 'sarvAn', 'api', 'BakzayizyAmi', 'iti']"
cdi,pt401.xml,SuBa,"['sarva', 'devamayasya', 'asya', 'viSezaH', 'BU', 'pateH', 'ayam', 'SuBa', 'a', 'SuBa', 'Palam', 'datte', 'sadyaH', 'devAH', 'Bava', 'antare']"
cdi,pt1103.xml,utsAhO,"['AtmanaH', 'Saktim', 'ut', 'vi', 'Ikzya', 'mAna', 'utsAhO', 'tu', 'yaH', 'vrajet', 'SatrUn', 'ekaH', 'api', 'hanyAt', 'ca', 'kzatriyAn', 'BArgavaH', 'yaTA']"
adj_ctp6,pt52.xml,Akfti,"['dAkziRAtyezu', 'jana', 'padezu', 'purandarapurasya', 'fdDi', 'sarva', 'guRa', 'sam', 'pannam', 'pfTivyAH', 'cUqA', 'maRi', 'ratna', 'BUtam', 'kElAsa', 'SiKara', 'Akfti', 'viviDa', 'yantra', 'praharaRa', 'AcaraRa', 'pari', 'pUrRa', 'go', 'pura', 'awwAlakam', 'visaNkawa', 'utkawa', 'dfQa', 'pariGa', 'kapAwa', 'toraRa', 'argala', 'upagata', 'indra', 'kIla', 'vipula', 'dvAram', 'su', 'vi', 'hita', 'SfNgAwaka', 'catuzpaTa', 'prati', 'sTita', 'an', 'eka', 'devatA', 'Ayatanam', 'pariKA', 'pari', 'karita', 'ut', 'Srita', 'hima', 'giri', 'sadfSa', 'AkAra', 'prAkAra', 'valaya', 'pari', 'vezwitam', 'mahilA', 'ropyam', 'nAma', 'nagaram']"
adj_ctp6,pt840.xml,dfzwena,"['vyasanam', 'hi', 'mahA', 'rAjYaH', 'mohAt', 'sam', 'prati', 'padyate', 'viDinA', 'SAstra', 'dfzwena', 'mftyuH', 'vAryaH', 'pra', 'yatnataH']"
dem_adv,pt1083.xml,tarhi,"['Badra', 'yadi', 'evam', 'tarhi', 'satvaram', 'darSaya', 'mama', 'tam', 'cOra', 'siMham', 'yena', 'etam', 'mfga', 'kopam', 'tasya', 'upari', 'kziptvA', 'svasTaH', 'BavAmi']"
cds,mbh12_25963.xml,kzatram,"['tataH', 'BUta', 'sarge', 'pra', 'vftte', 'prajA', 'krama', 'vaSAt', 'brahma', 'kzatram', 'upa', 'atizWat']"
adj ctp na,mbh12_26052.xml,vimanAH,"['aTa', 'daDIcaH', 'taTA', 'eva', 'a', 'vimanAH', 'suKa', 'duHKa', 'samaH', 'mahA', 'yogI', 'AtmAnam', 'sam', 'DAya', 'SarIra', 'parityAgam', 'cakAra']"
adj ctp na,mbh12_26173.xml,vyayAm,"['kzatram', 'api', 'SASvatIm', 'a', 'vyayAm', 'pfTivIm', 'patnIm', 'aBi', 'gamya', 'buBuje']"
ctp_gati,pt1006.xml,dUrataram,"['kAkI', 'api', 'sarpa', 'koware', 'tat', 'kanaka', 'sUtram', 'ni', 'kzipya', 'su', 'dUrataram', 'ava', 'sTitA']"
ctp_gati,pt711.xml,divase,"['duH', 'divase', 'asita', 'pakze', 'duH', 'saYcArAsu', 'nagara', 'vITIzu', 'patyuH', 'videSa', 'gamane', 'parama', 'suKam', 'jaGana', 'capalAyAH']"
vt5a 9am,pt1570.xml,vArayati,"['sa', 'snigDaH', 'vyasanAt', 'ni', 'vArayati', 'yaH', 'tat', 'karma', 'yat', 'nirmalam', 'sA', 'strI', 'yA', 'anu', 'viDAyinI', 'sa', 'matimAn', 'yaH', 'sadBiH', 'aBi', 'arcyate', 'sA', 'SrIH', 'yA', 'na', 'madam', 'karoti', 'sa', 'suKI', 'yaH', 'tfzRayA', 'na', 'Uhyate', 'tat', 'mitram', 'yat', 'a', 'yantraRam', 'sa', 'puruzaH', 'yaH', 'Kidyate', 'na', 'Apadi']"
