,0,1
0,mbh12_26165.xml,"n1s,i,x6s,n1s,iic,m3s,n1s,n1s,fut a3s"
1,mbh03_14648.xml,"n2s,i,m1s,m1s,n5s,n5s,iic,i,i,ipf[1] a3s,i,pre[1] a1p,x1p,n6s,n6s,n7s"
2,mbh03_14603.xml,"iic,f1s,prf a3s"
3,mbh12_26044.xml,"m2p,m1s,prf a3s,m1s,m1s,n2s,pre[4] m3s,m1s"
4,mbh03_14642.xml,"m1s,x2p,ipf[2] a3s,pre[2] a3s,i,i,i,n7s,m1s,n1s,m1s,i,pre[1] a3s"
5,mbh03_14557.xml,"m3p,x1s,ipv[2] a2s,m6s,m1s,m1s,x6s,m1d,i,x6s,m1d,i,ipv[2] a2s"
6,mbh12_26053.xml,"m6s,iic,m7s,iic,m7s,n2p,n2p,m1s,iic,i,n2s,ipf[8] a3s"
7,mbh12_26043.xml,"n2s,pre[1] a2s,x4p,iic,i,n2s,n2s,iic,n2s,i"
8,mbh03_14586.xml,"m1p,i,pre[1] a1s,x4p,n2s,i,pre[2] a1s,m2s,m2s,i,iic,i"
9,mbh12_26034.xml,"i,f2p,m1s,ipf[2] a3s,i,i,iic,m1p,m1p,i,fut a3p,i"
10,mbh03_14606.xml,"m1s,prf a3s"
11,mbh12_26166.xml,"n1s,n1s,i,i,iic,n3s,iic,m3s,n1s,n1s,pre p3s"
12,mbh01_7118.xml,"m6s,m1s"
13,mbh12_26080.xml,"m6s,m7s,x2s,i,fut a1s,n3p,i,i,n3p,i"
14,mbh12_26120.xml,"i,m1p,m1p,i,m2s,i,ipf[4] a3p,i,i,f2s,prf a3p,ipv[1] a2s,fvs,m2s,cau ipv m2s,i"
15,mbh12_26118.xml,"i,m1s,m1s,m2p,ipf[2] a3s,iic,m2s,m2s,m2s,m1s,i,ipv[1] a3s"
16,mbh01_964.xml,"m1s,m1s,i,m3p,iic,n7s,n2s,i,pre[2] m3s"
17,mbh03_14457.xml,"i,i,i,f2s,f6s,i,n7s,i,i,f3s,f3s,i,ipf[1] a3s"
18,mbh12_26087.xml,"f1s,f1s,iic,n2s,aor[root] a3s"
19,mbh12_26104.xml,"x1s,n3s,iic,i,pre[1] a2s,i"
20,mbh03_14458.xml,"i,f2s,f2s,m1s,m1s,ipf[2] a3s"
21,mbh03_14415.xml,"i,i,ipf[2] m3s,m1s"
22,mbh03_14608.xml,"i,m1s,m1s,m1s,prf a3s,m2d,i,m4s,i,i,prf a3s,iic,i"
23,mbh12_26111.xml,"m3d,i,m3s,ipf p3s"
24,mbh03_14459.xml,"i,i,ipv[1] a2s,iic,n2s,i"
25,mbh12_26013.xml,"m1s,i,m1s,iic,m1s,m6p,ipf[2] a3s,m1s,m6p"
26,mbh03_14496.xml,"m1s,prf a3s,f2s"
27,mbh12_13923.xml,"f1s,iic,m6p,f1s,m1p,f1p"
28,mbh12_26001.xml,"iic,iic,n1s,i,m5s,iic,f2s,m1s,iic,m1s"
29,mbh12_26020.xml,"mvs,n1s,iic,iic,m1s,x1s,iic,m2s,cau pre a2s"
30,mbh03_14645.xml,"i,m1s,m1s,m2s,m2s,m2s,f1s,prf a3s"
31,mbh12_13910.xml,"iic,n5s,i,n1s,i,n1s,iic,m1p,iic,n2s,i,i,pre[1] m3p,i,n2s"
32,mbh03_14524.xml,"m1s,i,m2d,m2d,iic,i,iic,i,i,m2s,i,ipf[2] a3s,iic,iic,m3s,m3s,m2s,i"
33,mbh12_26093.xml,"f2s,m1s,f2s,f2s,f2s,i,i,i,prf a3s"
34,mbh12_26155.xml,"iic,n2s,m2s,aor[a] a3s,n1s,m6s,iic,n1s,n1s,ipf[1] a3s"
35,mbh12_13922.xml,"m7s,n1s,i,prf a3p,n1s,i,n1s,n1s"
36,mbh12_26167.xml,"m6s,m6s,f2s,f2s,m1s,prf m3s"
37,mbh12_25958.xml,"i,ipf[2] a3s,n1s,i,f1s,ipf[2] a3s"
38,mbh03_14601.xml,"x3s,n2s,iic,n2s,iic,fvs,n2s,ipv[9] m2s,n2s,ipv[3] a1s,x4s"
39,mbh03_14522.xml,"ipv[1] a1s,x4s,m2d"
40,mbh12_13980.xml,"m1s,pop[1] a3s,i,m2p,pop[1] a3s,m2p,i,m2p"
41,mbh03_14416.xml,"f7s,iic,iic,iic,m1s,m1s,m1s,n1s,f2s,aor[a] a3s"
42,mbh03_14640.xml,"i,m1s,x3p,m1s"
43,mbh01_7111.xml,"ipv[5] a2s,mVs,i,i,x3s,n5s,n1s"
44,mbh12_26090.xml,"f2s,m3s,iic,i,prf a3s,f1s,fvs,pre[1] a2s,x6s,m2s,i,x1s,f1s,f1s,i,i"
45,mbh12_26171.xml,"i,i,n1s,iic,n1s,iic,n1s"
46,mbh12_25998.xml,"iic,iic,iic,n5s,iic,iic,iic,m1p,iic,m1p,iic,m1p,iic,m1p,i,m1p"
47,mbh03_14503.xml,"i,i,i,m1s,f2s,ipf[1] a3s"
48,mbh03_14646.xml,"pre[2] a3s,x6p,iic,iic,n1s,m2s,m2s,i,m2s,iic,i"
49,mbh12_26169.xml,"m2s,ipf[2] a3s,m1s,i,m1s,m1s,m1s,i"
50,mbh03_14454.xml,"m1s,i,n7s,n7s,n7s,f3s,i,i,i,i,ipf[1] a3s"
51,mbh12_13909.xml,"m1s,prf a3s"
52,mbh03_14674.xml,"n1s,n1s,m3s,m2s,m2s,iic,m5s,m2s,m7s,n7s,m7s,i,i,cau ipv a2p,i"
53,mbh03_14615.xml,"m1s,x2s,i,ipf[1] a3s"
54,mbh12_13950.xml,"pre[1] a3s,i,i,m1s"
55,mbh12_13908.xml,"i,ipv[4] a3d"
56,mbh12_26097.xml,"f1s,m2s,prf a3s"
57,mbh03_14456.xml,"n2s,iic,i,m1s,m1s,i,f3s,iic,iic,f2s,iic,iic,f2s,f2s,ipf[4] a3s"
58,mbh03_14654.xml,"n1s,i,n1s,m6s,iic,f3p,f3p,i,f3p,n1s"
59,mbh12_26168.xml,"m1s,i,i,iic,m1s,m2s,iic,i,ipf[2] a3s,f2s,f2s,x4s,ipv[3] a2s,i"
60,mbh03_14672.xml,"m1p,i,prf a3p,m1p"
61,mbh03_14460.xml,"f1s,iic,n2s,i,iic,i,f2s,i,ipf[6] a3s"
62,mbh03_14526.xml,"iic,m1d,m1d,iic,m1d,m6p"
63,mbh12_26052.xml,"i,m1s,i,i,iic,m1s,iic,iic,m1s,iic,m1s,x2s,i,i,iic,m2s,prf a3s"
64,mbh03_14614.xml,"f1s,x6s,iic,iic,f1s,i"
65,mbh12_13984.xml,"pre[1] a3s,i,i,m1s"
66,mbh03_14493.xml,"i,f2s,m4s,m1s,ipf[2] a3s"
67,mbh12_26081.xml,"m1s,f3s,i,i,m1s,m1s,prf a3s"
68,mbh12_13943.xml,"m1s,prf a3s"
69,mbh03_14673.xml,n1s
70,mbh12_26099.xml,"m1s,i,m6s,x3s,m1s,i"
71,mbh03_14447.xml,"n2s,i,n2s,pre[1] m3s,i"
72,mbh12_13915.xml,"iic,iic,iic,iic,n3p,i,m3p,m3p,i,pre p3p,iic,iic,n3p,i,n3p,i"
73,mbh12_25950.xml,"iic,iic,n7s,iic,n7s,n7s,iic,iic,n7s"
74,mbh12_13932.xml,"n3s,m1s,i,prf a3p,n3s,n2s,pop[5] a3s"
75,mbh12_25959.xml,"i,n1s,ipf[2] a3s,i,iic,n1s,ipf[2] a3s"
76,mbh03_14562.xml,"m1p,x2s,prf a3p,m2s,mvs,f3s,i,n3s,n3s,i"
77,mbh12_26098.xml,"m1s,x2s,i,pre[1] a3s"
78,mbh03_14550.xml,"m1d,m1d,n1s,m1d,n1s,m6p,n1s,mvs"
79,mbh12_26008.xml,"n7s,i,n7s,n7s,iic,iic,iic,n5s,iic,n1s,i,i"
80,mbh12_26014.xml,"m1s,i,m4p,m2s,ipf[1] a3s,i,m4p"
81,mbh12_26049.xml,"m2p,m1s,prf a3s,n1s,m4p,n1s,ipv p3s"
82,mbh12_25949.xml,"iic,iic,m2s,mvs,ipv[5] m2s,m1s,x6s"
83,mbh12_26086.xml,"f1s,i,iic,m2s,iic,f1p,f2s,f2s,f2s,m3p,iic,ipf[1] a3s"
84,mbh12_26003.xml,"m6d,iic,iic,iic,iic,m6s,m6s,m3s,m1s,m1s"
85,mbh12_25951.xml,"iic,iic,n7s,iic,iic,m7s,iic,n7s"
86,mbh12_25990.xml,"n2s,m1s,ipf[6] a3s,i,iic,m1s,iic,m2s"
87,mbh03_14610.xml,"m2s,m1p,m1p,i,i,ipf[6] a3p"
88,mbh03_14464.xml,"iic,iic,m1s,ipv p3s,i"
89,mbh12_13978.xml,"iic,iic,iic,iic,m1p,iic,iic,iic,iic,iic,iic,iic,iic,iic,iic,m1p,iic,m1p,iic,iic,f1s,f1s,iic,iic,m1p,iic,iic,iic,iic,iic,iic,m1p,iic,iic,iic,iic,m1p,iic,iic,iic,iic,iic,iic,iic,m1p,iic,iic,iic,iic,iic,iic,m1p,f1s,iic,iic,iic,iic,iic,iic,iic,m1p,iic,iic,iic,iic,iic,iic,iic,iic,iic,iic,iic,m1p,iic,m1p,iic,m5s,n2p,i,pre[1] a3p"
90,mbh03_14507.xml,"m1s,i,m1s,m1s,m2s,ipf[2] a3s"
91,mbh01_963.xml,"m1s,prf a3s"
92,mbh12_25954.xml,"i,f7s,i,m7s,i,n7s,i,iic,n7s,i,iic,n7s,i,iic,iic,n7s,iic,iic,n7s"
93,mbh12_13887.xml,"i,n1s,iic,n1s,m1s,iic,m1s,m1s,iic,m1s,n1s,n1s,n1s,n1s,n1s,n1s,i"
94,mbh12_26085.xml,"f1s,x6s,m2s,cau fut a3s,i"
95,mbh03_14580.xml,"m1s,prf a3s"
96,mbh12_26015.xml,"i,m2s,iic,i,iic,f2s,f2s,m1p,n2s,ipf[1] m3p"
97,mbh12_13931.xml,"n3s,pre p3s,n1s,iic,m7s,f1s,f1s"
98,mbh03_14651.xml,"m1s,n2s,i,iic,iic,m1s,iic,iic,m1s,m1s,iic,m1s,m1s,ipf[2] a3s"
99,mbh12_26023.xml,"m5s,i,m5s,m1s,m2s,iic,m1s"
100,mbh03_14555.xml,"m1s,prf a3s"
101,mbh03_14490.xml,"m2s,ipf[2] a3s,m1s"
102,mbh03_14510.xml,"i,ipf[2] a3s,m1s,m2s"
103,mbh12_26128.xml,"iic,iic,m1s,i,i,m1s,iic,m1s,i,ipf[6] a3p,m2p,m2p,m3s,m3s,iic,iic,m1s"
104,mbh03_14478.xml,"m2s,iic,m2s,iic,iic,iic,iic,iic,m1s,m1s,i,prf a3s"
105,mbh03_14607.xml,"i,n2s,m1s,m1s,iic,f6s,i,ipv[2] a3s,i,i,prf a3s,iic,mvs"
106,mbh03_14554.xml,"m7s,i,m7s,x6s,n1s,n1s,iic,m6p,m6p,i,mvs"
107,mbh12_13946.xml,"m1s,prf a3s"
108,mbh03_14498.xml,"m1s,i,m1s,f2s,iic,i,f7s,iic,iic,iic,m1s,iic,iic,n2s,i,iic,i,iic,iic,f3s,f3s,iic,iic,i,iic,i,iic,m2s,ipf[2] a3s"
109,mbh03_14593.xml,"i,i,m6s,i,m2s,i,i,pre[1] a1s,m1s,i,ipv[1] a3s,m1s"
110,mbh12_26009.xml,"iic,iic,n1d,f2s,iic,m6s,m6s,m6s,iic,m6s,i,m2s,f1p,i,f1p"
111,mbh12_25997.xml,"iic,m1p,iic,m1p,pre[1] a3p,m6p,m7s,m1p,iic,m1p"
112,mbh03_14641.xml,"pre[2] a3s,m1s,i,m1s,m5s,iic,iic,m1s,i"
113,mbh03_14521.xml,"m2s,ipf[2] a3s,m1s"
114,mbh12_26084.xml,"n3s,i,n3s,n3s,i,iic,f1s,f2s,f2s,f2s,i,ipv[1] a2s"
115,mbh12_25953.xml,"n1s,i,i,iic,n7s,iic,n1s,iic,n7s,iic,n7s"
116,mbh12_26038.xml,"i,m1s,m2s,iic,m2s,iic,iic,iic,iic,iic,n2s,i,f2s,i,prf m3s"
117,mbh03_14568.xml,"i,n7s,m3s,mvs,i,i,prf a3p,m1p,iic,m1p"
118,mbh03_14647.xml,"i,i,ipv p3s,i,i"
119,mbh03_14513.xml,"m1s,i,m1s,iic,iic,m1s,iic,iic,m1s,i,m1s,i,prf a3s,m4s"
120,mbh12_25992.xml,"m6p,f1s,n1s,n1s,f1s,n1p,i"
121,mbh03_14433.xml,"m1s,x3s,x1s,i"
122,mbh12_26123.xml,"m1s,i,iic,m2s,iic,m2s,m4s,i,ipf[1] a3s"
123,mbh12_13916.xml,"m1s,i,n3p,n3p,m3p,n3p,i,pre p3s,m1s,n2s,prf a3s"
124,mbh12_13905.xml,"n5s,pre[2] a1p,i,iic,m3p,m1s,iic,m1s,i,i,m1s,n2s,iic,m1s,m1s,i,i,n1s,m6s,i,pre[2] a1s"
125,mbh12_13911.xml,"iic,iic,iic,iic,iic,iic,m3p,iic,m1p,i,i,m7s,m7s,i,i,i,n2s,pre[5] a3p"
126,mbh12_25994.xml,"i,pre[2] a3s,m5s,m1s,m1s,i,pre[2] a3s,iic,m1s,m1s"
127,mbh12_26125.xml,"i,m1s,iic,m1s,m3p,m3p,m1s,iic,iic,m1s,m1s,prf a3s"
128,mbh12_13889.xml,"m3p,m3p,m3p,m3p,i,i,iic,iic,m3p"
129,mbh03_14559.xml,"n2s,n2s,m6s,n1s,prf a3p,n1s,mvs,n1s,i,iic,m1s"
130,mbh03_14453.xml,"m1s,m6s,n5s,f3s,i,i,f3s,n2s,n2s,i,ipf[6] a3s"
131,mbh12_13926.xml,"m1p,i,i,pre[1] m3p,m3p,m3p,n3p,iic,m1p"
132,mbh12_25943.xml,"n5s,i,n1s,m1p,m2p,cau pre m3s,i"
133,mbh03_14652.xml,"n1s,x1s,m2s,i,i,i,pre[9] a1s"
134,mbh03_14650.xml,"m1s,m2s,m2s,i,pre[9] a3s,i"
135,mbh03_14618.xml,"i,x1p,m1p,iic,m3s,m6s,i,i,pre[1] m1p,m6p,n2s"
136,mbh12_26124.xml,"i,iic,m2s,m2s,m2s,iic,i,n2s,m2s,i,i,m2s,iic,m2s,m1s,iic,n2s,iic,i,prf a3s"
137,mbh03_14547.xml,"i,ipv[1] a2s,m2d,x6s,mvs,x1s,n1s,i,x6s,n1s,n3p,iic,n1s"
138,mbh12_13945.xml,"m6p,m1p,m1p,m1p,m1p,m2p,x4s,i,i,pre[1] a2s"
139,mbh03_14643.xml,"m1s,x5s,iic,iic,m1s,i"
140,mbh12_26039.xml,"m1p,i,m1p,i,m3s,m2s,i,prf a3p,prf a3p,i"
141,mbh12_26036.xml,"m3p,m3p,i,ipf[1] m3s,m1s"
142,mbh12_25942.xml,"m1p,i,iic,m1p,i"
143,mbh12_26079.xml,"pre[2] a3s,x6s,n1s,i,n1s,iic,iic,iic,n1s"
144,mbh03_14417.xml,"m2s,iic,m3s,m2s,iic,m2s,m1s,n2s,i,ipf[1] a3s"
145,mbh03_14596.xml,"m1s,prf a3s"
146,mbh03_14437.xml,"f2s,m1s,m2s,ipf[6] a3s"
147,mbh01_970.xml,"m3s,pre[2] a2s,m1s,i"
148,mbh12_13953.xml,"n2s,i,n2s,n2s,pre[1] a3p"
149,mbh03_14564.xml,"m1s,prf a3s"
150,mbh01_7114.xml,"f6s,m1s"
151,mbh12_26175.xml,"n3s,n1s,cau pre p3s"
152,mbh12_26048.xml,"iic,m1p,m1p,m2s,iic,i,prf a3p,mvs,n5s,n1s,iic,n1s,i,i"
153,mbh03_14501.xml,"i,m6s,i,m6s,f7s,m1p,m1p,m6s,m6s,i,prf a3p,m1s,m1s,m1s,i,i"
154,mbh12_13966.xml,"m1d,i,i,pre[1] a3d"
155,mbh12_25963.xml,"m1s,iic,m7s,iic,m7s,iic,iic,m5s,iic,n2s,i,ipf[1] a3s"
156,mbh03_14617.xml,"m2s,x1s,ipf[2] a1s"
157,mbh12_25961.xml,"f1s,m6s,f1s,i,i,n6s,m1s,i,pre p3s"
158,mbh12_13913.xml,"iic,iic,iic,iic,m3p,i,iic,iic,iic,n3p,n3p,i,pre p3p"
159,mbh12_13919.xml,"iic,m1s,m1s,m7s,m1s,i,m1s,i"
160,mbh12_25946.xml,"m1s,x6s,m1s,m1s,m2s,ipv[7] a2s,mvs"
161,mbh03_14543.xml,"m1s,i,i,m4s,i,ipf[2] m3s"
162,mbh12_13890.xml,"iic,f2s,iic,m1p,i,pre[4] a3p,m1p"
163,mbh12_13934.xml,"m4p,n1s,pre p3s,iic,i,n1s,i,i,pre[1] a3s"
164,mbh03_14622.xml,"i,m1s,i,pre[1] a3s,i"
165,mbh03_14558.xml,"m1s,prf a3s"
166,mbh12_26148.xml,"i,i,x2s,i,cau ipv m2s,i"
167,mbh03_14436.xml,"i,i,i"
168,mbh03_14538.xml,"m2s,m1s,i,prf a3s"
169,mbh03_14470.xml,"i,mvs,iic,n2s,aij[a] a2s"
170,mbh03_14515.xml,"i,m2s,i,n2s,ipf[2] a3s,m1s"
171,mbh01_965.xml,"m6s,m1p,m1p,m1s,m1s,m1s,i"
172,mbh03_14439.xml,"n2s,x4s,i,n1s,i"
173,mbh03_14514.xml,"m6s,m1d,m1d,iic,m1d,i"
174,mbh03_14486.xml,"x1s,m1s,n1s,iic,m1s"
175,mbh03_14612.xml,"m1s,m2p,prf a3s"
176,mbh03_14595.xml,"i,ipv[6] a2s,f2s,f2s,m3s,i,n5s,n5s,pre p2s,x1s"
177,mbh12_13967.xml,"m1p,iic,m6p,m1p,iic,f1p,f1p"
178,mbh12_26173.xml,"n1s,i,f2s,iic,f2s,f2s,f2s,iic,i,prf m3s"
179,mbh03_14497.xml,"m5s,x3s,m1p,iic,iic,m1p,m5s,iic,n2p,x6s,n2p,fut a3p,n5s,x6s,i"
180,mbh12_13904.xml,"i,i,m1s,iic,m1s,f1s,m1s,m2s,iic,m2s,iic,m3s,m2s,ipf[1] a3s"
181,mbh12_13968.xml,"iic,iic,m1d,i,n1s,i,i,n1s"
182,mbh03_14438.xml,"i,f1s,n2s,prf a3s"
183,mbh12_25955.xml,"f7s,f7s,iic,iic,m1s,iic,m5s,iic,m5s,iic,m5s,iic,m5s,iic,m5s,n5s,iic,m5s,iic,m5s,iic,iic,m5s"
184,mbh03_14613.xml,"pre[2] a3s,i,iic,m1s,m1s,n1s,iic,m1s,iic,n5s,iic,m1s"
185,mbh12_13961.xml,"pre[1] a3s,i,i,m1s"
186,mbh12_26017.xml,"m1s,m1p,pre[1] m3p,x1p,pre[4] a1p"
187,mbh03_14583.xml,"m1s,prf a3s"
188,mbh03_14506.xml,"i,x2s,ipv[1] m2s,i"
189,mbh03_14668.xml,"i,n2s,i,m1s,m1s,ipf[2] a3s"
190,mbh03_14620.xml,"m1s,m2s,i,pop[9] a3s"
191,mbh12_26024.xml,"i,x3s,m1s,m1s,m1s,i,iic,iic,iic,m1s,x1s,iic,m5s,iic,m5s,m2s,i,fut a2s,i"
192,mbh12_25993.xml,"cau pre a3p,f2s,m2s,i,n5s,n1s,iic,n1s,i"
193,mbh03_14462.xml,"f2s,m1s,m1s,i,ipf[4] a3s"
194,mbh03_14644.xml,"m1s,i,i,i,i,pop[9] a3s,m2s,m2s,m2s,m2s,pre[6] a1p,i"
195,mbh12_26016.xml,"i,fvs,m1s,x6s,m1s,m1s,m1s,m1s,m6p,iic,m1s,i,m5p,m2s,ipf[1] a3s,i,x6p"
196,mbh03_14500.xml,"m1s,i,iic,m1s,m2s,iic,i,iic,iic,n2s,ipf[1] a3s"
197,mbh03_14605.xml,"m3s,i,i,ipv[2] a2s,iic,iic,m2s,m1s,m1s,i,m1s,x3s,iic,mvs"
198,mbh12_25995.xml,"m5p,n1s,i,pre[2] a3s,iic,i,i,i,i,f4s"
199,mbh12_13893.xml,"iic,m6s,m6s,i,f1p,i,pre[1] m3s"
200,mbh12_13897.xml,"i,i,i,iic,iic,n1s,iic,iic,n1s,pre[2] a3s"
201,mbh12_25960.xml,"n1s,i,i,ipf[1] a3s,iic,n1s"
202,mbh03_14576.xml,"pre[3] a2s,i,x1s,iic,m5s,iic,mvs,i,ipv[1] a2s,x4s,i,i,i,m2d"
203,mbh12_13894.xml,"i,n2s,iic,m6p,m6p,pre p3s,n2s"
204,mbh03_14428.xml,"f2s,ipf[2] a3s,m1s"
205,mbh12_13898.xml,"m1s,m1s,m1s,iic,m1s,iic,m6d,m1s,iic,m1s,m6s,f1s,iic,f1s"
206,mbh03_14463.xml,"f2s,i,iic,i,m2s,iic,n7s,i,m1s,f1s,prf a3s"
207,mbh12_26089.xml,"n1s,x6s,m2s,ipv[8] a1s,i"
208,mbh03_14422.xml,"i,m1s,m2s,iic,m2s,ipf[5] a3s"
209,mbh03_14589.xml,"m2s,x1s,m2s,m2s,iic,n2s,m3s,m2s,x6s,i,pre[3] a2s"
210,mbh12_13891.xml,"i,iic,iic,n2s,i,pop[1] m3s,m1s"
211,mbh03_14466.xml,"i,iic,m7s,m7s,m7s,f7p,f7p,m2p,n1s,i,ipf[6] a3s"
212,mbh12_26132.xml,"i,m1s,iic,f3s,f7s,i,ipf[1] a3s"
213,mbh01_7119.xml,"m6s,m1s"
214,mbh03_14539.xml,"m6p,n1s,n1s"
215,mbh12_13962.xml,"m1s,m6s,iic,m1s,n5s,i,i,pre[1] m3s"
216,mbh03_14655.xml,"i,i,x1s,i,pre[1] a1s,i"
217,mbh01_7124.xml,"m2s,i,m2s,i,i,f1s,i,ipf[2] a3s"
218,mbh12_13981.xml,"m6p,i,m1s,n1s,i"
219,mbh12_13975.xml,"iic,iic,iic,m1s,m6s,m1s,i,m1s"
220,mbh12_13933.xml,"n1s,i,iic,n1s,i,prf a3p,i,n1s,i,i,i"
221,mbh12_25991.xml,"iic,m3p,n2s,pre[1] a3p,iic,m1p,iic,m1p"
222,mbh12_26074.xml,"i,pre[1] a2s,iic,iic,n2s,i,i"
223,mbh12_26172.xml,"n1s,n1s,n1s,m6p"
224,mbh03_14468.xml,"i,iic,m1s,iic,iic,m1s,m2s,i,ipf[1] a3s"
225,mbh12_13942.xml,"m6p,iic,m2d,f1s,m1s,i,m1s,i,pre[4] a3s"
226,mbh03_14512.xml,"pre[2] a1s,i,x2s,i"
227,mbh03_14572.xml,"i,m1s,i,m1s,iic,n3p,m1s,prf a3s,i,f2s,iic,m1s"
228,mbh12_26108.xml,"m2s,f1s,ipf[2] a3s,m3s,n2s"
229,mbh03_14609.xml,"m1s,prf a3s"
230,mbh03_14556.xml,"m1p,i,m1p,x2s,ipv[1] a3p,iic,f1p,m1p,i,m1p"
231,mbh12_26021.xml,"i,pre[1] a2s,i,i,i"
232,mbh12_13892.xml,"n1s,i,iic,n1s,m6p,i,m7s,i,i"
233,mbh03_14425.xml,"m6s,i,m1s,iic,m1s,i"
234,mbh12_26139.xml,"f7p,f7p,iic,f2s,f7p,m1s,f7s,f2s,f2s,ipf[8] a3s"
235,mbh12_26037.xml,"n3s,n3s,iic,m7p,m3p,m3p,m7p,iic,m2s,m2s,prf a3s,m3s,f2p,m3s,m2p,m2p"
236,mbh12_13888.xml,"i,pre p3s"
237,mbh12_26006.xml,"m1s,i,m1p,m1p"
238,mbh03_14624.xml,"i,m2s,m1s,iic,m1s,i,ipf[6] a3s"
239,mbh12_26056.xml,"n5s,i,iic,iic,iic,m2s,iic,iic,m2s,i,m2s,m2s,m1s,prf a3s"
240,mbh03_14461.xml,"i,i,i,ipf[6] a3s"
241,mbh12_25941.xml,"iic,iic,m1d,m1d"
242,mbh12_26077.xml,"x1s,m6s,iic,iic,m1s,i,i,iic,m1s,m1s,i,x1s,iic,f1s,i"
243,mbh03_14420.xml,"i,n6s,iic,n6s,m7s,i,n2s,n2s,i,iic,m1s,i,i,ipf[1] m3s"
244,mbh03_14581.xml,"pre[9] a1s,m2s,iic,m2s,x6s,x1s,m2s,f7s,m2s,iic,mvs"
245,mbh03_14519.xml,"m2s,i,cau pop a1s"
246,mbh12_26102.xml,"m1s,x3s,m1s,iic,n3s,x2s,iic,n3s,n3s,x1s,iic,m1s,i,ipv[1] m2s"
247,mbh03_14588.xml,"m1s,prf a3s"
248,mbh03_14426.xml,"i,ipf[4] a3s,f2s,iic,iic,f2s,n2p,iic,f2s,f2s,i"
249,mbh01_7112.xml,"i,n1s,n1s,n1s,iic,iic,n1s,n1s"
250,mbh03_14573.xml,"i,i,iic,m2s,iic,m2s,m1p,i,n2s,i,ipf[6] a3p"
251,mbh03_14548.xml,"i,x2s,aor[iz] a3s,m1s,iic,m3p,iic,n6s,n7s,m1s"
252,mbh03_14414.xml,"i,i,iic,iic,n2s,i,pre[1] a2s,i,ipf[2] a3s,m1s,m2s"
253,mbh03_14475.xml,"i,pre p3s,iic,m1s,m6p,iic,iic,m6p"
254,mbh12_25964.xml,"m1s,m1s,n1s,n1s,n1s,n1s,m1p,m1p"
255,mbh12_26005.xml,"iic,iic,n1s,f2s,iic,iic,m6s,m6s,m3s,n5s,f1p,iic,iic,iic,f1p"
256,mbh12_26041.xml,"x1p,iic,m1p,iic,m1p"
257,mbh03_14551.xml,"m3d,ipv[2] a2s,x1s,i,m1s,iic,mvs,n1p,i,x2s,i,iic,n1p"
258,mbh03_14434.xml,"i,prf a3s,f1s"
259,mbh12_25944.xml,"m1s,prf a3s"
260,mbh12_25981.xml,"m1p,i,m1p,iic,m1p,m1p,i"
261,mbh03_14592.xml,"mvp,ipv[4] a2p,x2s,m2s,i,i,pre[5] a1s,m1s,m2s,iic,i"
262,mbh01_7125.xml,"m2s,i,m2s,i,m2s,i,f1s,f1s"
263,mbh12_26130.xml,"m3s,iic,m3s,m1s,m1s,iic,n2s,iic,m1s"
264,mbh12_13924.xml,"m1s,iic,m1s,i,m2s,m2s,prf a3p"
265,mbh03_14474.xml,"i,m2p,des ipv a2s,x1s,m2s,i,cau ipv a2s,mvs"
266,mbh12_26135.xml,"i,iic,iic,m3s,m3s,iic,m3s,m6s,n7s,n7s,iic,m6s,n2s,m2s,f6s"
267,mbh12_25945.xml,"m1d,i,i,iic,m1d,iic,m1d"
268,mbh03_14649.xml,"iic,m2s,i,m2s,x1p,ipf[6] a1p"
269,mbh03_14413.xml,"m1s,prf a3s"
270,mbh01_966.xml,"m7p,n2s,n2s,m7p,i,m1s,i,ipf[1] a3s,m1s"
271,mbh12_26131.xml,"f1s,i,m6p,n2s,ipf[1] a3s,n2s,i,m2p,fut a3p,i"
272,mbh03_14623.xml,"m1s,x2s,m1s,i,i,i,ipf[1] a3s,i,prf a3s,m1s"
273,mbh03_14505.xml,"m2s,i,prf a3s"
274,mbh12_26068.xml,"i,prf a3s,m1s"
275,mbh03_14545.xml,"i,i,aor[root] a3s,m1s"
276,mbh12_13969.xml,"n1s,m1s,m1s,i,i,iic,m1s"
277,mbh12_25996.xml,"i,m6p,m1s,pre[1] m3s,i,i,m1p,i,m1s,pre p3s,n7s"
278,mbh03_14625.xml,"i,i,pre[9] a3s,x2s,m1s,i"
279,mbh12_25957.xml,"n1s,i,i,i,pre[1] a3s"
280,mbh12_26101.xml,ipv[1] a2s
281,mbh12_25982.xml,"m6s,i,n1s,i,pre p3s,i,iic,m6d,m6d"
282,mbh12_26105.xml,"f1s,i,f1p,f1p,prf a3s"
283,mbh03_14635.xml,"i,m1s,x2s,i,m2s,i,iic,i,n2s,n2s,ipf[1] a3s,i,m1s,m1s,n1s,m1s,prf a3s"
284,mbh12_26106.xml,"m1s,i,iic,m2s,i,i,prf a3s,i"
285,mbh03_14544.xml,"n2s,i,n2s,iic,n2s,m1s,iic,i,iic,m1s,i,i,m2s,iic,i,iic,n2s,i,cau ipf a3s"
286,mbh12_26022.xml,"m1s,m1s,f6s,n1s,iic,iic,n1s,i,i,iic,i,m2s,aor[root] a3s"
287,mbh03_14664.xml,"iic,f1s,pre p3s,m6s,m7s,m6s,m6s,i"
288,mbh03_14579.xml,"m3s,m1s,m1s,pop[2] m3s,iic,m1s,m3p,iic,m1s"
289,mbh12_26091.xml,"f1s,f2s,n2s,n2s,ipf[1] a3s"
290,mbh12_26025.xml,"iic,iic,n5s,m1s,iic,m1s,m2s"
291,mbh12_13895.xml,"n1s,i,iic,n1s,n1s,pre p3s,n1s,n1s,i"
292,mbh12_26012.xml,"i,i,f1p,m3p,iic,f1p,iic,f1p"
293,mbh01_7117.xml,"f6s,m1p"
294,mbh03_14541.xml,"n1s,i,m6p,m3p,n1s"
295,mbh12_26054.xml,"n3s,n3s,iic,n3s,iic,iic,n3s,iic,iic,iic,n3s,iic,iic,n3s,m1s,n2s,prf a3s"
296,mbh12_26071.xml,"fvs,x1s,m1s,m6p,ipv[1] m2s,x2s,i"
297,mbh03_14619.xml,"pre[2] a3s,i,m7s,m1s,n1s,m1s"
298,mbh03_14489.xml,"m1p,i,m1p,f3s,iic,iic,iic,m1p,i"
299,mbh12_26070.xml,"m1s,i,i,iic,n2s,aor[a] a3s,prf a3s,i,f2s"
300,mbh12_25962.xml,"n6s,i,iic,m6s,m6s,iic,m5s,m6s,i,m7s,m1s,m1s,f2p,m1p,m5d,m2d,prf a3s"
301,mbh03_14431.xml,"f1s,pre[2] a1s,i"
302,mbh12_25965.xml,"m1s,m1s,n2s,n1s,n5s,n1s,iic,n1s"
303,mbh12_13939.xml,"m1s,iic,m1s,i,i,n1s,m1s,i,pre[1] a3s"
304,mbh12_25974.xml,"m6p,mvs,m6p,m1s,i"
305,mbh12_13918.xml,"i,pre[1] a3s,i"
306,mbh03_14626.xml,"m1s,n2s,i,ipf[2] a3s,m2s"
307,mbh03_14518.xml,"iic,m1s,x3s,m1s,pre[1] m3s"
308,mbh03_14467.xml,"m1p,m1p,iic,m4s,iic,n2s,i,cau ipf a3p"
309,mbh12_26040.xml,"m3s,iic,m7p,iic,m1s,m1s,pre p3s"
310,mbh03_14631.xml,"pre[2] a3s,i,iic,m1s,n1s"
311,mbh12_13949.xml,"i,i,iic,iic,iic,iic,iic,m1s,iic,iic,m1s,f2d,f2d,iic,iic,n2p,iic,i,iic,i,iic,n2d,m6s,iic,iic,iic,iic,iic,iic,iic,m1s,i,iic,i,iic,iic,iic,iic,iic,f1s,m1s,iic,iic,iic,iic,iic,iic,m1s,iic,iic,iic,iic,iic,m1s,iic,iic,iic,iic,iic,m1s,pop[2] a3s"
312,mbh03_14611.xml,"pre[2] a3s,m1s,i,m6s,iic,iic,m1s,i"
313,mbh12_26100.xml,"f2s,m1s,prf a3s"
314,mbh03_14663.xml,"i,m1s,m1s,pre[1] a3s,i,m1s,pre p3s"
315,mbh03_14421.xml,"i,m1s,m1s,iic,n2s,m6s,n7s,iic,iic,iic,n7s,i,ipf[6] a3s"
316,mbh12_26170.xml,"m2s,ipf[2] a3s,m1s,i,x3s,x1s,iic,iic,iic,m1s,i,iic,m1s,i,i,n6p,m1s,n1s,fut a3s,i"
317,mbh12_13948.xml,"i,iic,iic,m2s,i,n2s,m2s,m2s,i,i,pre[1] a3p"
318,mbh12_25967.xml,"m5p,i,n1s,i,iic,iic,n1s"
319,mbh03_14546.xml,"m1s,prf a3s"
320,mbh12_26113.xml,"m1s,ipv[1] a2s,n1s,f1s,m1p,i,pop[1] a3p,n1s,i"
321,mbh03_14427.xml,"i,f1s,m6s,n7s,i,ipf[1] a3s"
322,mbh03_14666.xml,"n5s,iic,m1s,pop[2] a3s,n4s,m1s,f7s"
323,mbh12_13899.xml,"m1s,prf a3s"
324,mbh01_968.xml,"m2s,f1s,m2s,prf a3s"
325,mbh12_26027.xml,"m6s,iic,iic,m2s,m1s,f2p,f1p,f2p,i,prf a3s"
326,mbh12_26146.xml,"i,m1p,m2s,ipf[2] a3p,pre p2s,m3s"
327,mbh12_25970.xml,"iic,m1s,i,i,pre[1] a3s"
328,mbh12_26000.xml,"i,i,iic,iic,iic,m1p,m1p,i,x3s,iic,m3s,i,i,i,iic,m1p,iic,iic,iic,m1p,iic,m1p,m1p,iic,m1p,i"
329,mbh12_25978.xml,"i,i,i,m5s,n1s,pre[2] a3s"
330,mbh12_13930.xml,"m1s,prf a3s"
331,mbh03_14660.xml,"m1s,pre[2] a2s"
332,mbh03_14432.xml,"f2s,m1s,prf a3s"
333,mbh03_14630.xml,"m1s,i,m1s,ipf[2] a3s,m2s"
334,mbh12_26055.xml,"n6p,i,m6s,n2s,ipf[8] a3s"
335,mbh12_25984.xml,"m1p,m2p,cau pre a3p,m1p,f2s,cau pre a3p"
336,mbh03_14511.xml,"i,ipv[2] m2s,x6s,m2d"
337,mbh12_25985.xml,"f1d,i,n1s,pre[1] a3s"
338,mbh12_26174.xml,"n1s,n1s,iic,n1s"
339,mbh03_14430.xml,"f1s,i,prf a3s"
340,mbh03_14529.xml,"i,m1s,i,prf a3s"
341,mbh03_14616.xml,"i,i,i,pre[9] a3s,x2s,m1s,i"
342,mbh03_14571.xml,"i,i,fut m1s,x1s,m6s,m2d,i,m1p,iic,m1p,pre[1] a3p"
343,mbh03_14517.xml,"m1s,i,iic,m2s,m2s,m2s,ipf[2] a3s"
344,mbh03_14423.xml,"m1s,i,ipf[10] a3s"
345,mbh12_26112.xml,"i,m1s,m2s,ipf[2] a3s,iic,iic,iic,mvs,mvs,ipv[1] m2s,f2s"
346,mbh12_26134.xml,"i,m3p,i,n1s,iic,n1s,i,n3s,i,f1s,f2s,i,aor[root] a3s"
347,mbh12_26076.xml,"n1s,n1s,i,pre p3s,x3s"
348,mbh12_26114.xml,"m1s,iic,iic,iic,m2s,i,n5s,n5s,i,ipf[1] a3s"
349,mbh12_26144.xml,"m1s,m3s,iic,m1s,m2s,aor[a] a3s"
350,mbh12_13965.xml,"iic,n3s,m1s,i"
351,mbh03_14599.xml,"m4p,f1s,n2p,i,mvs,iic,m2s,pop[1] a1s"
352,mbh03_14516.xml,"iic,m2s,ipv[2] a2s,i"
353,mbh01_7116.xml,"m6s,f1s"
354,mbh03_14549.xml,"m1s,prf a3s"
355,mbh12_13925.xml,"i,n1s,iic,n1s,m3s,iic,n1s,i"
356,mbh12_13959.xml,"iic,iic,f2s,iic,m1s,i,i,i,m1p,m1p,iic,iic,m1p,iic,m1p,iic,iic,iic,iic,m2s,f2s,i,pre[1] a3p"
357,mbh12_13954.xml,"m6s,iic,n2s,n2s,i,i,i,fut a1p"
358,mbh03_14598.xml,"i,n1s,mvs,x1s,m2s,n7s,n7s,iic,f1s,i,ipf[1] a1s"
359,mbh12_13900.xml,"n1s,n1s,m3s,iic,n1s,n6p,f1p,f1p,i,n2s,i,pre[9] a1p"
360,mbh03_14504.xml,"m2s,i,iic,i,m3s,i,ipf[1] a3s"
361,mbh03_14477.xml,"i,i,x6s,iic,m2s,m3p,n1s,m3p,i,x4s"
362,mbh12_26143.xml,"iic,m5s,m2s,m2s,m1s,i,prf a3s"
363,mbh12_26069.xml,"n1s,x2s,iic,iic,n1s,iic,n1s,i,f2s,i"
364,mbh12_26107.xml,"i,f2s,iic,iic,f2s,i,prf a3s,m1s,m1s,m1s,m1s,i"
365,mbh03_14442.xml,"n3s,n2s,i,m2s,iic,i,ipf[1] a3s"
366,mbh12_26029.xml,"m2s,i,m2s,i,f1p,prf a3p,pre[1] m1p,x1p,i,i"
367,mbh03_14499.xml,"iic,m1s,pre[2] a1s,i"
368,mbh12_26117.xml,"prf a3p,i,m2s,mvs,m2s,iic,iic,iic,m2s,i,pre[1] a2s,i"
369,mbh12_26140.xml,"i,f1p,f1p,f1p,f1p,m6s,n2s,i,m2s,m2s,prf a3p"
370,mbh12_13957.xml,"n2s,i,iic,m6p,n2s,i,i,pre[1] a3p"
371,mbh03_14574.xml,"n7s,i,i,i,m1s,m1s,i,prf a3s,n2s,n2s,m1s"
372,mbh03_14472.xml,"i,pre[1] a2s,m6p,m6p,m2s,i,i"
373,mbh12_26007.xml,"m3p,m6s,m3p,m1s,m1s,f2s,iic,m1s"
374,mbh03_14536.xml,"i,iic,n2s,i,cau ipv a2s,iic,m2d,i"
375,mbh12_25983.xml,"n5s,m1p,i,iic,m1p,m2p,i,pre[1] a3p"
376,mbh03_14540.xml,"iic,m1p,m1p,n6p,n6p"
377,mbh03_14473.xml,"m1d,i,i,pre[1] a3d"
378,mbh12_13960.xml,"m6p,iic,iic,iic,iic,iic,iic,iic,iic,iic,iic,iic,iic,iic,f1p,i,i"
379,mbh12_26035.xml,"m1s,m2p,prf a3s"
380,mbh03_14629.xml,"pre[2] a3s,m1s,i,m5s,iic,iic,m1s,i"
381,mbh12_25947.xml,"iic,m1s,prf a3s"
382,mbh12_26046.xml,"m6s,n3p,m2s,ipv p3s,i"
383,mbh03_14479.xml,"i,i,pre p3s,n2s,x3s"
384,mbh03_14667.xml,"iic,i,m2s,m2s,m2s,i,i,i,pop[1] a3s"
385,mbh03_14424.xml,"i,i,iic,f2s,pre[4] a1s"
386,mbh12_26133.xml,"f2s,i,aor[a] a3s,f2s,ipv[3] a2s,i"
387,mbh03_14584.xml,"i,m1s,m3s,mvs,iic,n7s,iic,m2s,prf a3s"
388,mbh12_25966.xml,"n5s,i,iic,iic,m2s,n1s,n1s,i"
389,mbh03_14419.xml,"n2s,i,prf a3s"
390,mbh03_14465.xml,"m1s,x3s,m1s,m1s,m3p,m3p,n3p,x2s,i,pop[1] a3s,i"
391,mbh03_14661.xml,"iic,m1s,ipv[2] a2s,i"
392,mbh03_14535.xml,"m2s,ipv[2] a2s"
393,mbh12_13951.xml,"m2s,m1s,i,iic,iic,i,m1s,m2s,i,pop[5] a3s"
394,mbh12_26149.xml,"i,i,ipf[1] a3s,m1s,i,iic,iic,n2s"
395,mbh12_26061.xml,"m1p,i,i,ipf[1] m3p,iic,m6p"
396,mbh12_25988.xml,"m1s,m1s,iic,n2p,iic,iic,i,m2p,cau pre a3s"
397,mbh03_14480.xml,"fut a1s,m2p"
398,mbh12_26092.xml,"i,m2s,iic,iic,m2s,cau ipf a3s"
399,mbh01_969.xml,"n1s,pre[2] a2s"
400,mbh12_25968.xml,"m7s,m7s,pre[3] a3s,i,i,pre[2] a1s"
401,mbh03_14577.xml,"n2s,i,m6s,n2s,m1s,m1s,m2s,prf a3s,m5s"
402,mbh12_26088.xml,"prf a3s,i,f2s,f1s,pre[2] a1s,x3s,iic,f1s,iic,f1s"
403,mbh12_13902.xml,"pre p3s,i,m1s,iic,m1s,m1s,m1s,m1s,pre[1] a3s"
404,mbh12_26150.xml,"i,i,x6s,n2s,ipf[8] a3s"
405,mbh03_14435.xml,"m3s,x1s,f1s,x3s,i"
406,mbh12_13936.xml,"n1s,pre p3s,n1s,n2s,n2s,pre p3s"
407,mbh03_14587.xml,"i,ipv p3s,m1s,iic,m1s,ipv[4] m2p,x6s,n2s,i,iic,mvp"
408,mbh12_26138.xml,"f5p,m4s,n1s,i,ipf[2] a3s,ipv[1] a2s,m4s,ipv[1] a2s,m4s,iic,f2s,m4s"
409,mbh03_14575.xml,"m2s,m2s,m6p,i,m2s,i,mvs,iic,m7p,n1s"
410,mbh12_25940.xml,"i,i,m7s,pre[1] a3s"
411,mbh03_14632.xml,"m7s,m1s,n1s,m1s,i,i"
412,mbh12_25969.xml,"iic,m1s,m1s,n3s,n2p,i,iic,i,n2s,cau pre p3s,i"
413,mbh12_13963.xml,"m1s,i,n2s,m4s,n2s,iic,i,pre[1] a3s"
414,mbh03_14665.xml,"pre[1] a3s,i,m2p,m2p,iic,m1s,m1s,pre p3s"
415,mbh12_26095.xml,"n1s,i,x2s,f1s,iic,i,i,aor[a] a3s,f1s,f1s,i"
416,mbh12_26010.xml,"i,m1s,f6p,prf a3s"
417,mbh12_26057.xml,"f7s,iic,f7s,iic,f7s,n5s,m1s,iic,n2s,iic,i,f7p,f2s,f2s,iic,iic,f2s,f2s,i,prf m3s"
418,mbh12_13912.xml,"iic,iic,iic,m3p,i,pre p3p"
419,mbh12_26019.xml,"i,m2s,iic,n2s,iic,m2s,f1s,prf a3s"
420,mbh12_26050.xml,"n2s,fut a2p,n2s,fut a1s,i"
421,mbh12_13929.xml,"n6s,i,iic,n6s,iic,m6s,n6s,i"
422,mbh12_26136.xml,"m1s,m1s,m1s,ipf[1] a3s,iic,m1s"
423,mbh12_13979.xml,"m1s,i,f2s,iic,m1s,f2s,iic,iic,iic,f2s,pop[1] a3s"
424,mbh03_14469.xml,"iic,i,i,m2s,prf a3s"
425,mbh12_25979.xml,"i,i,m2s,n1s,iic,pre[1] a3s"
426,mbh12_26066.xml,"m1s,x3p,n3p,n6p,n7s,m3p,iic,iic,m3p,iic,n2s,iic,prf a3s"
427,mbh12_25976.xml,"m1s,i,m6p,m1s,m1s"
428,mbh03_14552.xml,"m1s,prf a3s"
429,mbh03_14444.xml,"iic,n2s,iic,iic,i,i,f3s,i,m1s,pre[2] m3s"
430,mbh12_26103.xml,"m6s,i,n2p,n2p,n6s,n2p,i,n2p,x3s"
431,mbh03_14621.xml,"iic,m7s,i,m7s,m1s"
432,mbh12_26137.xml,"m6s,i,f1p,f1s,ipf[2] a3p"
433,mbh12_26028.xml,"f2p,i,i,n1s,n2s,m6s,ipf[1] a3s,f7p,i,f7p,i,i,m1s,ipf[1] a3s"
434,mbh03_14483.xml,"i,pre[1] a2s,mvs,x2s,iic,i,i"
435,mbh12_26032.xml,"f1p,m2s,ipf[2] a3p"
436,mbh12_26063.xml,"n1s,i,n2s,prf a3s"
437,mbh03_14487.xml,"x6s,f1s,f1s,f1s,n1s"
438,mbh12_26160.xml,"m1s,iic,iic,n2s,m1s,n1s,iic,m1s,i,ipf[1] a3s"
439,mbh03_14484.xml,"m1s,n2s,n2s,iic,i,iic,iic,m1s,i,prf a3s"
440,mbh03_14488.xml,"f6s,n1s,n1s"
441,mbh12_25977.xml,"m1s,i,m1s,n1s"
442,mbh03_14569.xml,"m3p,iic,m3p,m1s,m1s,m1s,i,prf a3s,n2s,n2s,i,i"
443,mbh12_13973.xml,"m1s,n2p,iic,i,i,m6p,f2s,pop[5] a3s"
444,mbh03_14481.xml,"m3p,iic,m3p,f1s,x6s,f1s"
445,mbh12_13952.xml,"m6s,iic,iic,f1s,pre p3s,i,m6s,m2s"
446,mbh03_14561.xml,"m1s,prf a3s"
447,mbh12_26065.xml,"i,m1p,m1p,i,m6s,m2s,m2s,n2s,iic,n7s,i,prf a3p"
448,mbh12_25972.xml,"m1s,m7s,m7s,i"
449,mbh01_7110.xml,"m1s,prf a3s"
450,mbh12_13903.xml,"iic,m1s,i,iic,m7p,x2s,i,pre[3] a3s"
451,mbh03_14533.xml,"n3s,iic,i,m7s,m7s,m2s,ipf[2] a3s"
452,mbh12_26141.xml,"mvs,x7p,iic,f7p,m1s,f2s,i,pre[1] a3s,i"
453,mbh12_26075.xml,"f2s,i,prf a3s,m1s"
454,mbh03_14532.xml,"i,n1s,i"
455,mbh12_26033.xml,"x1p,iic,f1p,f1p,m2s,m2s,i,m1s,pre[9] m1p,i"
456,mbh01_967.xml,"m1s,m6s,m3p,m1s,m1s,f6s,n1s,i,ipf[1] a3s"
457,mbh03_14637.xml,"m1s,m2s,m2s,i,i,pre[9] a3s,i"
458,mbh12_26045.xml,"m1s,ipv p3s,n2s,i,n2s,pop[3] a3s"
459,mbh03_14628.xml,"m1s,i,m1s,iic,m1s,m1s,i,m2s,m2s,ipf[2] a3s"
460,mbh03_14638.xml,"m1s,i,m1s,ipf[2] a3s,n2s,i"
461,mbh12_26073.xml,"f3s,x1s,iic,m1s,iic,iic,m1s,i"
462,mbh03_14675.xml,"i,m2p,ipf[2] a3s,m1s"
463,mbh12_25989.xml,"i,i,i,iic,m1p,m1p,pre[1] a3p"
464,mbh01_7121.xml,"m6s,f1d,f1d,prf a3d"
465,mbh03_14639.xml,"i,i,pre[9] a1s,x1s,m2s,m2s,i"
466,mbh03_14429.xml,"m6s,pre[2] a2s,fvs,x1s,i"
467,mbh12_26072.xml,"m2s,f1s,i,prf a3s"
468,mbh12_26151.xml,"i,i,x2s,m6s,i,prf a3s"
469,mbh01_7113.xml,"m6s,f1s"
470,mbh03_14443.xml,"iic,iic,m1s,i,m1s,f3s,i,i,f3s,i,ipf[2] a3s,iic,iic,f3s"
471,mbh03_14482.xml,"i,i,x4s,m1p,m1p"
472,mbh03_14662.xml,"n2s,pre[6] a3s,f2s,i,m1s,n6s,n6s"
473,mbh03_14445.xml,"i,i,n1s,i,ipf[4] a3s"
474,mbh12_25975.xml,"m1s,m3p,m3p,n4s,i"
475,mbh03_14495.xml,"m2s,m2s,des ipv m2s,i"
476,mbh03_14542.xml,"i,i,ipv p3s,i"
477,mbh12_13970.xml,"iic,f1s,n1s,iic,m1s,iic,iic,n1s,n1s"
478,mbh03_14676.xml,"i,iic,m3s,i,m3s,m7s,m1s,iic,m1s,m1s,n5s,n5s,iic,iic,i,i,m2s,iic,m1s,i"
479,mbh12_13974.xml,"iic,f1s,m1s,m1s,iic,iic,n7s,m1s"
480,mbh12_26161.xml,"n6s,m7s,n1s,n6s,m1s,iic,m1s,i,iic,m1s"
481,mbh03_14455.xml,"i,iic,f1s,m1s,m1s,iic,n2s,iic,n2s,ipf[4] a3s"
482,mbh12_13977.xml,"iic,m1p,i,iic,m2s,iic,m1p,n2p,n2p,iic,n2p,i,i,n7p,n7p,iic,iic,iic,iic,iic,n7p,m1p,i,i,pre[1] a3p"
483,mbh12_26145.xml,"m1s,i,m2s,ipf[2] a3s,i,i,pre[1] m2s,i"
484,mbh12_13972.xml,"iic,iic,iic,f1s,m6s,n1s,iic,m7s"
485,mbh03_14582.xml,"m2s,ipv[2] a2s,x1s,iic,n5s,iic,m1s,i,m2s,m3p,iic,m3p"
486,mbh12_26004.xml,"iic,iic,iic,iic,m3s,i,m3s,i,n3s,i,x2s,iic,i,iic,f1s,f1s,n7s,m6s,iic,f1s"
487,mbh03_14634.xml,"m2s,ipv[6] a2s,i"
488,mbh03_14448.xml,"i,ipf[2] a3p,f1p,f1p"
489,mbh12_26154.xml,"iic,iic,n7s,iic,m1s,iic,iic,iic,n2s,n2s,cau pre a3s"
490,mbh03_14570.xml,"m1p,i,nvs,m1s,i,m1p,x4s,i,i,m1p,f1p,i"
491,mbh12_26051.xml,"m1p,m2s,ipf[2] a3p,iic,m2s,iic,iic,n2s,m1s,i,pre[1] a3s,i"
492,mbh12_25980.xml,"n1s,m6p,f1s,pre p3s,iic,m6p,n3s,x1s,m1s,i,iic,m1s"
493,mbh12_26129.xml,"m1s,m3p,m1s,m3s,m3s,n7s,m1s,iic,iic,m1s,iic,m1s"
494,mbh03_14636.xml,"m1s,x3p,m1s"
495,mbh03_14578.xml,"n2s,i,x4s,m2s,iic,m2s,m2s,m3s,i,ipv[1] a2s,iic,m2s"
496,mbh12_25986.xml,"m7s,iic,m7s,m1s,pre[3] a3s,m1s,m1s,iic,n7s,iic,f2s,pre[3] a3s"
497,mbh03_14600.xml,"m1s,prf a3s"
498,mbh12_13955.xml,"iic,iic,m6p,iic,m6p,iic,iic,iic,m6p,iic,m1s,i,pre p3s"
499,mbh03_14494.xml,"ipf[2] a3s,i,f2s"
500,mbh03_14446.xml,"i,iic,m1s,m6s,iic,f2p,f2p,ipf[6] a3s"
501,mbh12_26142.xml,"m1s,ipf[2] a3s,m1s,m2s,iic,fut a3s,i"
502,mbh12_13964.xml,"i,i,i,iic,f3p,f1p,pre p3p,m3s,m1p,iic,iic,iic,n3s,m1p"
503,mbh03_14534.xml,"ipv[1] a2s,mvs"
504,mbh03_14492.xml,"f1s,x4s,ipv p3s,i"
505,mbh12_13927.xml,"m1s,prf a3s"
506,mbh12_26110.xml,"i,m1s,iic,m1s,m1s,iic,m2p,iic,m2p,m2p,m3s,ipf[4] a3s"
507,mbh03_14451.xml,"n1s,n1s,n1s,iic,n1s"
508,mbh12_25987.xml,"i,i,iic,m1p,m1p,m1p,m2s,cau pre a3p"
509,mbh12_13935.xml,"iic,m7p,pre p3s,n1s,i,n1s,n1s,i,pre p3s"
510,mbh03_14627.xml,"i,i,pre[9] m1s,m2s,i"
511,mbh03_14471.xml,"m2s,ipv[8] a2s"
512,mbh12_13914.xml,"iic,iic,iic,iic,iic,iic,n3p,i,iic,n3p,n3p,n3p,i,pre p3p"
513,mbh12_13971.xml,"i,i,i,iic,iic,iic,iic,iic,iic,iic,iic,iic,iic,iic,iic,iic,iic,iic,f1s,iic,iic,iic,iic,m6p,iic,iic,m6p,m6p,m1s,iic,iic,iic,m1s,iic,iic,iic,f1s,i"
514,mbh12_26096.xml,"f2s,m1s,prf a3s,i,cau pre a2s,i"
515,mbh12_26062.xml,"n1p,i,ipf[1] a3p"
516,mbh12_26011.xml,"i,x6s,iic,m5s,i,f1p,i,m2s,iic,f1p,i,i,i,iic,iic,iic,iic,iic,iic,f1p,i,ipv[1] a2p,i"
517,mbh03_14567.xml,"m1s,prf a3s"
518,mbh12_13940.xml,"m1s,prf a3s"
519,mbh12_26064.xml,"iic,m1p,i,iic,m1p,m1p,m1p,prf a3p"
520,mbh03_14509.xml,"i,m1s,m1s,x3s,m1s,i,i,i,x6s,m7s,m2d,m2d,pop[2] a3d,i"
521,mbh12_26059.xml,"i,iic,iic,n5s,iic,m7s,iic,m7s,iic,m7s,n1s,iic,n1s,prf a2p"
522,mbh12_26083.xml,"m1s,i,f2s,i,f2s,i,i,n2s,iic,i,iic,iic,f2s,i,m1s,prf a3s"
523,mbh01_7115.xml,"m6s,m1s"
524,mbh03_14528.xml,"i,i,m2s,iic,i,iic,n2s,i,m2d,iic,n7s,cau ipf a3s"
525,mbh03_14604.xml,"m2s,pre[9] m1s,mvs,m2s,i,i,ipv p3s,n5s,i,m1s"
526,mbh12_26109.xml,"m1s,iic,iic,n2s,n2s,iic,m1s,iic,n2s,i,ipf[1] a3s"
527,mbh03_14485.xml,"i,ipv[1] a2s,mvs"
528,mbh12_26122.xml,"m1s,i,n5s,n6s,iic,iic,i,m2s,i,prf a3s"
529,mbh03_14450.xml,"i,m1s,iic,n2s,n2s,i,iic,m2s,iic,iic,iic,n2s,i,iic,i,m2s,ipf[2] a3s"
530,mbh03_14491.xml,"f3s,pre[2] a1s,m1s"
531,mbh03_14670.xml,"m1s,x2s,m2s,i,m2s,i,n7s,n7s,iic,i,n3s,i,n3s,iic,m1s,i,n2s,n2s,iic,m1s"
532,mbh03_14671.xml,"n2s,x3s,iic,n1s,iic,m3s,n1s,i,m2p,prf a3s,m1s"
533,mbh03_14476.xml,"i,ipv[9] a2s,i,m2p,x1s,iic,i,m2s,i,pre p2s"
534,mbh03_14585.xml,"m1s,m1s,iic,m1s,i,m1s,i,m1s,n2s,i,n2s,prf m3s"
535,mbh12_26060.xml,"m2p,n1s,n1s,i,i,prf a3s"
536,mbh12_13941.xml,"iic,iic,n7s,m1p,m1p,pre[1] a3p,m1p"
537,mbh12_26159.xml,"i,m6s,iic,iic,iic,m6s,i,m1p,iic,f2s,i,m1p,i,m1s,m2p,prf a3s,i,iic,m2s,m1p,fut a2p,i"
538,mbh03_14658.xml,"iic,m1s,x4s,m1s"
539,mbh01_7120.xml,"m6s,m1s"
540,mbh12_26156.xml,"m1s,iic,m1s,m5s,n1s,m7s,iic,m7s,n2s,prf m3s"
541,mbh12_26153.xml,"iic,m5s,i,i,pre p3s,m1s,iic,iic,iic,m1s"
542,mbh12_13901.xml,"i,i,m6p,m6p,n7s,n6p,iic,iic,m1s,m1s,iic,m1s,i,i,m2s,i,pre[1] a3p"
543,mbh12_25973.xml,"n1s,i,i,pre[1] a3s"
544,mbh12_26115.xml,"i,iic,n1s,i,n1s,ipf[1] a3s"
545,mbh12_13947.xml,"n1s,i,m3s,iic,n1s,m1p,iic,iic,iic,iic,i,m1p,m1p,iic,iic,m1p"
546,mbh12_13906.xml,"m3s,i,n1s,n6p,f1p,f1p,i"
547,mbh12_26031.xml,"i,fut a2d,ipv p3s,i,x3s,i,n1s,fut a3s,i"
548,mbh12_26121.xml,"f1s,i,n2s,n2s,i,i,ipf[1] a3s"
549,mbh12_26157.xml,"m6s,n2s,m6s,iic,iic,m1s,m1s,m1s,iic,m1s,n2s,ipf[6] a3s"
550,mbh03_14560.xml,"m1p,iic,m1p,m1p,ipv[1] a3p,x2s,iic,m1p,i"
551,mbh03_14508.xml,"i,ipv p3s,iic,m1s"
552,mbh03_14440.xml,"m1s,m1s,i,i,i,f2s,iic,iic,i,f3s,i,pre[2] m3s"
553,mbh12_26042.xml,"iic,m1s,pre[1] m3s,x1p,pre[4] a1p"
554,mbh12_26030.xml,"f2p,m1s,prf a3s"
555,mbh03_14566.xml,"m1s,i,i,n2s,n3s,i,pre[2] a3s,m1s,m3s,m1s,pre[1] a3s,i,m1s"
556,mbh03_14590.xml,"i,x1s,m2s,iic,m2s,iic,i,iic,i,i,fut a2s,iic,mvs"
557,mbh12_13920.xml,"iic,f1s,m1s,i,pre[2] a3s,i,f1s,i,i,n1s"
558,mbh12_13938.xml,"n1s,m6s,iic,n1s,n1s,i,m6s,n1s"
559,mbh12_26082.xml,"i,f1s,iic,iic,f1s,iic,iic,f1s,iic,iic,f1s,m1s,ipf[1] a3s"
560,mbh03_14653.xml,"x1s,i,m3s,i,i,iic,f7p,iic,iic,m1s"
561,mbh12_13937.xml,"m1s,prf a3s"
562,mbh03_14527.xml,"i,m1d,iic,m2d,m4s,i"
563,mbh12_26147.xml,"f7s,f7s,m7s,iic,iic,n1s"
564,mbh12_13976.xml,m1s
565,mbh03_14530.xml,"m1s,iic,m1s,n2s,n2s,iic,i,pre[1] m3s"
566,mbh12_13886.xml,"i,n1s,n1s,m1s,m1s,m1s,m1s,m1s,m1s,m1s,m1s,n1s,n1s,i"
567,mbh12_13944.xml,"n1s,n1s,iic,n1s,iic,iic,iic,n1s,i"
568,mbh03_14633.xml,"m1s,x5p,iic,iic,m1s"
569,mbh12_13982.xml,"iic,iic,iic,iic,iic,iic,m2p,m2p,iic,m2p,iic,i,i,pre[1] a3p,iic,iic,iic,m1p,iic,iic,iic,m7p,m7p,iic,iic,f1p,iic,iic,iic,m7p,iic,f1p,iic,iic,iic,iic,iic,iic,m6p,m6p,iic,iic,n3p,iic,iic,m1p,iic,m1p,iic,iic,iic,iic,iic,n2p,iic,m1p,iic,n2s,i,prf a3p,n2s,m2s,i,n7s,iic,m1p,iic,iic,m1p"
570,mbh12_26002.xml,"iic,n1s,i,m1s,iic,m2s,iic,n2s,i,i,prf a3s"
571,mbh12_26163.xml,"iic,iic,m1s,m1s,i,m6s,iic,m1s,m1s"
572,mbh12_13921.xml,"n1s,i,n1s,m7s,n1s,n1s,i,n1s"
573,mbh12_13917.xml,"i,i,m1p,m1p,m7s,i,pre[1] a3p"
574,mbh12_26164.xml,"m1s,i,iic,m1s,fut a2s"
575,mbh12_13896.xml,"i,i,m7s,i,m7s,iic,iic,f1p,iic,m1p,i,pre p3p"
576,mbh12_25952.xml,"iic,iic,iic,n7s,n7s,n7s,iic,iic,m7s,m7s"
577,mbh12_26116.xml,"i,m1p,m1p,i,m2s,m2s,n2s,iic,m7s,i,prf a3p"
578,mbh03_14591.xml,"m1s,prf a3s"
579,mbh12_26158.xml,"m1s,n3s,iic,m1s,m1s,m3s,iic,m1s,iic,m2s,aor[a] a3s"
580,mbh03_14565.xml,"i,m1p,m6p,pre[1] a3p,f3s,mvs,n3s,m3s,i"
581,mbh12_13928.xml,"n6s,n1s,n1s,i,prf a3p,m6s,n6s,i"
582,mbh12_26126.xml,"iic,f2s,n7p,n7p,iic,iic,iic,m7p,i,ipf[1] a3s"
583,mbh12_13983.xml,"iic,i,i,iic,iic,iic,n2s,iic,m6p,n2p,iic,iic,iic,m6p,i,pop[1] a3p,iic,iic,iic,iic,m1p,iic,iic,iic,iic,iic,iic,iic,iic,iic,iic,m1p,i"
584,mbh03_14418.xml,"i,m7s,iic,m1s,iic,f1s,iic,m1s,i,m7s,i,m7s,n2s,iic,n2s,ipf[1] a3s"
585,mbh03_14449.xml,"n2s,i,pre[4] a1p,n1s,i,i,pre p3s,i"
586,mbh12_26026.xml,"m1s,iic,iic,m1s,i,n7s,ipf[1] a3s"
587,mbh03_14597.xml,"i,i,m1s,m1s,i,i,m2s,iic,f1s,prf m3s"
588,mbh03_14502.xml,"i,m6p,m2s,m2s,m7s,m1s,m7s,iic,i,n7s,iic,m1s,n2s,prf a3s"
589,mbh03_14657.xml,"f1p,i,ipf p3p,m2s,i"
590,mbh12_26047.xml,"m1p,i,i,ipf[1] a3p,i,m1s,m1s,m1s,n2s,prf m3s"
591,mbh03_14520.xml,"pre[1] a2s,x4s,m2d,i,i"
592,mbh12_25999.xml,"iic,m2s,i,m6s,m6s,iic,m6s,m1p,i,i,m1p,m4p,i,m1p,m1p,i,m1p"
593,mbh12_26067.xml,"i,m1p,f2s,i,prf m3p,m1p,i,prf a3p"
594,mbh12_13958.xml,"iic,iic,m1p,m1p,m1p,i,m1p,iic,iic,iic,iic,iic,m1p,m6p,i,i,i,iic,iic,m1p,i,pre[1] m3p"
595,mbh12_26078.xml,"f1s,m2s,prf a3s"
596,mbh12_26094.xml,"i,x6s,n1s,n1s,n1s,i,iic,i"
597,mbh03_14525.xml,"m1s,i,ipf[2] a3s,m2s"
598,mbh12_26127.xml,"i,m1s,iic,iic,iic,iic,m1s,iic,m2s,i,iic,n2s,iic,m1s"
599,mbh12_25948.xml,"i,x4s,cau fut a1s,n2s,iic,mvs"
600,mbh12_25956.xml,"iic,m5s,iic,m5s,iic,m5s,iic,i,iic,m5s,iic,m5s,m5s,n5s,m1s,i,m1s,m1s,iic,m1s"
601,mbh12_13956.xml,"iic,iic,iic,iic,f1s,i,i,iic,iic,n2s,iic,i,iic,n3s,n3s,n2p,iic,i,iic,iic,iic,n3s,iic,iic,iic,n3s,i,iic,iic,n3s,i,iic,iic,iic,iic,iic,iic,n3s,i,n3s,m1s,m2s,i,cau pop a3s"
602,mbh03_14523.xml,"iic,n3s,m3s,x6s,i,iic,m2d,i,i"
603,mbh03_14656.xml,"i,n1s,m3s,iic,iic,n1s,i,i,iic,m5s,iic,m1s,i,ipf[2] a3s"
604,mbh03_14594.xml,"m1s,prf a3s"
605,mbh12_13907.xml,"iic,m1s,i,i,pre[1] a3s,iic,m1s,iic,m1s,n5s,n2s,i,pre p3s,n5s,n2s,i"
606,mbh03_14537.xml,"m1s,i,i,m2s,m2s,ipf[2] a3s"
607,mbh03_14659.xml,"i,n2s,i,ipv p2s"
608,mbh03_14452.xml,"i,i,ipv p3s,i"
609,mbh03_14531.xml,"i,x4s,i,i,cau pre a3s"
610,mbh12_26152.xml,"i,i,iic,m1s,n7s,i,m1s,i,i,n2s,n2s,m2s,i,n3s,n1s,prf a3s"
611,mbh03_14553.xml,"n1p,i,x2s,i,iic,n1p,m7s,n7s,mvs,n1p,pre[2] a3p"
612,mbh12_26058.xml,"i,i,iic,m5s,iic,m1s,i,iic,m2s,iic,prf a3s"
613,mbh12_26018.xml,"n1s,m2s,x1s,i,pre[1] a2s,i,i,x2p,pop[1] a3s,i"
614,mbh12_26162.xml,"m3s,iic,m3s,iic,iic,m3s,m1s,iic,m1s,m1s"
615,mbh01_7122.xml,"m6s,f1s,f1s,m6s,i,f1s,f1s,n1s"
616,mbh03_14669.xml,"ipv[1] a2s,i,i,i,m2d,m2d,i,i,cau pre a1s,i"
617,mbh03_14563.xml,"m1p,x2s,iic,m2s,i,cau ipv a3p,iic,iic,m1p,iic,iic,iic,m1p"
618,mbh03_14602.xml,"i,ipv[2] a2s,m2s,iic,m2s,iic,fvs,iic,n2s,n2s,i,i,iic,fvs"
619,mbh03_14441.xml,"i,i,m7s,m7s,f1s,i,ipf[1] a3s"
620,mbh12_25971.xml,"x1s,mvs,m6p,m1s,m6p"
621,mbh01_7123.xml,"i,i,m1s,pre[1] a3s"
622,mbh12_26119.xml,"i,n2s,n2s,i,fut a3s,i"